season,round,race_name,circuit_id,race_date,driver_id,driver_name,constructor_id,qualifying_position,q1,q2,q3
2019,1,Australian Grand Prix,albert_park,2019-03-17,hamilton,Lewis Hamilton,mercedes,1,1:22.043,1:21.014,1:20.486
2019,1,Australian Grand Prix,albert_park,2019-03-17,bottas,Valtteri Bottas,mercedes,2,1:22.367,1:21.193,1:20.598
2019,1,Australian Grand Prix,albert_park,2019-03-17,vettel,Sebastian Vettel,ferrari,3,1:22.885,1:21.912,1:21.190
2019,1,Australian Grand Prix,albert_park,2019-03-17,max_verstappen,Max Verstappen,red_bull,4,1:22.876,1:21.678,1:21.320
2019,1,Australian Grand Prix,albert_park,2019-03-17,leclerc,Charles Leclerc,ferrari,5,1:22.017,1:21.739,1:21.442
2019,1,Australian Grand Prix,albert_park,2019-03-17,grosjean,Romain Grosjean,haas,6,1:22.959,1:21.870,1:21.826
2019,1,Australian Grand Prix,albert_park,2019-03-17,kevin_magnussen,Kevin Magnussen,haas,7,1:22.519,1:22.221,1:22.099
2019,1,Australian Grand Prix,albert_park,2019-03-17,norris,Lando Norris,mclaren,8,1:22.702,1:22.423,1:22.304
2019,1,Australian Grand Prix,albert_park,2019-03-17,raikkonen,Kimi Räikkönen,alfa,9,1:22.966,1:22.349,1:22.314
2019,1,Australian Grand Prix,albert_park,2019-03-17,perez,Sergio Pérez,racing_point,10,1:22.908,1:22.532,1:22.781
2019,1,Australian Grand Prix,albert_park,2019-03-17,hulkenberg,Nico Hülkenberg,renault,11,1:22.540,1:22.562,
2019,1,Australian Grand Prix,albert_park,2019-03-17,ricciardo,Daniel Ricciardo,renault,12,1:22.921,1:22.570,
2019,1,Australian Grand Prix,albert_park,2019-03-17,albon,Alexander Albon,toro_rosso,13,1:22.757,1:22.636,
2019,1,Australian Grand Prix,albert_park,2019-03-17,giovinazzi,Antonio Giovinazzi,alfa,14,1:22.431,1:22.714,
2019,1,Australian Grand Prix,albert_park,2019-03-17,kvyat,Daniil Kvyat,toro_rosso,15,1:22.511,1:22.774,
2019,1,Australian Grand Prix,albert_park,2019-03-17,stroll,Lance Stroll,racing_point,16,1:23.017,,
2019,1,Australian Grand Prix,albert_park,2019-03-17,gasly,Pierre Gasly,red_bull,17,1:23.020,,
2019,1,Australian Grand Prix,albert_park,2019-03-17,sainz,Carlos Sainz,mclaren,18,1:23.084,,
2019,1,Australian Grand Prix,albert_park,2019-03-17,russell,George Russell,williams,19,1:24.360,,
2019,1,Australian Grand Prix,albert_park,2019-03-17,kubica,Robert Kubica,williams,20,1:26.067,,
2019,2,Bahrain Grand Prix,bahrain,2019-03-31,leclerc,Charles Leclerc,ferrari,1,1:28.495,1:28.046,1:27.866
2019,2,Bahrain Grand Prix,bahrain,2019-03-31,vettel,Sebastian Vettel,ferrari,2,1:28.733,1:28.356,1:28.160
2019,2,Bahrain Grand Prix,bahrain,2019-03-31,hamilton,Lewis Hamilton,mercedes,3,1:29.262,1:28.578,1:28.190
2019,2,Bahrain Grand Prix,bahrain,2019-03-31,bottas,Valtteri Bottas,mercedes,4,1:29.498,1:28.830,1:28.256
2019,2,Bahrain Grand Prix,bahrain,2019-03-31,max_verstappen,Max Verstappen,red_bull,5,1:29.579,1:29.109,1:28.752
2019,2,Bahrain Grand Prix,bahrain,2019-03-31,kevin_magnussen,Kevin Magnussen,haas,6,1:29.532,1:29.017,1:28.757
2019,2,Bahrain Grand Prix,bahrain,2019-03-31,sainz,Carlos Sainz,mclaren,7,1:29.528,1:29.055,1:28.813
2019,2,Bahrain Grand Prix,bahrain,2019-03-31,grosjean,Romain Grosjean,haas,8,1:29.688,1:29.249,1:29.015
2019,2,Bahrain Grand Prix,bahrain,2019-03-31,raikkonen,Kimi Räikkönen,alfa,9,1:29.959,1:29.471,1:29.022
2019,2,Bahrain Grand Prix,bahrain,2019-03-31,norris,Lando Norris,mclaren,10,1:29.381,1:29.258,1:29.043
2019,2,Bahrain Grand Prix,bahrain,2019-03-31,ricciardo,Daniel Ricciardo,renault,11,1:29.859,1:29.488,
2019,2,Bahrain Grand Prix,bahrain,2019-03-31,albon,Alexander Albon,toro_rosso,12,1:29.514,1:29.513,
2019,2,Bahrain Grand Prix,bahrain,2019-03-31,gasly,Pierre Gasly,red_bull,13,1:29.900,1:29.526,
2019,2,Bahrain Grand Prix,bahrain,2019-03-31,perez,Sergio Pérez,racing_point,14,1:29.893,1:29.756,
2019,2,Bahrain Grand Prix,bahrain,2019-03-31,kvyat,Daniil Kvyat,toro_rosso,15,1:29.876,1:29.854,
2019,2,Bahrain Grand Prix,bahrain,2019-03-31,giovinazzi,Antonio Giovinazzi,alfa,16,1:30.026,,
2019,2,Bahrain Grand Prix,bahrain,2019-03-31,hulkenberg,Nico Hülkenberg,renault,17,1:30.034,,
2019,2,Bahrain Grand Prix,bahrain,2019-03-31,stroll,Lance Stroll,racing_point,18,1:30.217,,
2019,2,Bahrain Grand Prix,bahrain,2019-03-31,russell,George Russell,williams,19,1:31.759,,
2019,2,Bahrain Grand Prix,bahrain,2019-03-31,kubica,Robert Kubica,williams,20,1:31.799,,
2019,3,Chinese Grand Prix,shanghai,2019-04-14,bottas,Valtteri Bottas,mercedes,1,1:32.658,1:31.728,1:31.547
2019,3,Chinese Grand Prix,shanghai,2019-04-14,hamilton,Lewis Hamilton,mercedes,2,1:33.115,1:31.637,1:31.570
2019,3,Chinese Grand Prix,shanghai,2019-04-14,vettel,Sebastian Vettel,ferrari,3,1:33.557,1:32.232,1:31.848
2019,3,Chinese Grand Prix,shanghai,2019-04-14,leclerc,Charles Leclerc,ferrari,4,1:32.712,1:32.324,1:31.865
2019,3,Chinese Grand Prix,shanghai,2019-04-14,max_verstappen,Max Verstappen,red_bull,5,1:33.274,1:32.369,1:32.089
2019,3,Chinese Grand Prix,shanghai,2019-04-14,gasly,Pierre Gasly,red_bull,6,1:33.863,1:32.948,1:32.930
2019,3,Chinese Grand Prix,shanghai,2019-04-14,ricciardo,Daniel Ricciardo,renault,7,1:33.709,1:33.214,1:32.958
2019,3,Chinese Grand Prix,shanghai,2019-04-14,hulkenberg,Nico Hülkenberg,renault,8,1:33.644,1:33.968,1:32.962
2019,3,Chinese Grand Prix,shanghai,2019-04-14,kevin_magnussen,Kevin Magnussen,haas,9,1:34.036,1:33.150,
2019,3,Chinese Grand Prix,shanghai,2019-04-14,grosjean,Romain Grosjean,haas,10,1:33.752,1:33.156,
2019,3,Chinese Grand Prix,shanghai,2019-04-14,kvyat,Daniil Kvyat,toro_rosso,11,1:33.783,1:33.236,
2019,3,Chinese Grand Prix,shanghai,2019-04-14,perez,Sergio Pérez,racing_point,12,1:34.026,1:33.299,
2019,3,Chinese Grand Prix,shanghai,2019-04-14,raikkonen,Kimi Räikkönen,alfa,13,1:34.125,1:33.419,
2019,3,Chinese Grand Prix,shanghai,2019-04-14,sainz,Carlos Sainz,mclaren,14,1:33.686,1:33.523,
2019,3,Chinese Grand Prix,shanghai,2019-04-14,norris,Lando Norris,mclaren,15,1:34.148,1:33.967,
2019,3,Chinese Grand Prix,shanghai,2019-04-14,stroll,Lance Stroll,racing_point,16,1:34.292,,
2019,3,Chinese Grand Prix,shanghai,2019-04-14,russell,George Russell,williams,17,1:35.253,,
2019,3,Chinese Grand Prix,shanghai,2019-04-14,kubica,Robert Kubica,williams,18,1:35.281,,
2019,4,Azerbaijan Grand Prix,baku,2019-04-28,bottas,Valtteri Bottas,mercedes,1,1:42.026,1:41.500,1:40.495
2019,4,Azerbaijan Grand Prix,baku,2019-04-28,hamilton,Lewis Hamilton,mercedes,2,1:41.614,1:41.580,1:40.554
2019,4,Azerbaijan Grand Prix,baku,2019-04-28,vettel,Sebastian Vettel,ferrari,3,1:42.042,1:41.889,1:40.797
2019,4,Azerbaijan Grand Prix,baku,2019-04-28,max_verstappen,Max Verstappen,red_bull,4,1:41.727,1:41.388,1:41.069
2019,4,Azerbaijan Grand Prix,baku,2019-04-28,perez,Sergio Pérez,racing_point,5,1:42.249,1:41.870,1:41.593
2019,4,Azerbaijan Grand Prix,baku,2019-04-28,kvyat,Daniil Kvyat,toro_rosso,6,1:42.324,1:42.221,1:41.681
2019,4,Azerbaijan Grand Prix,baku,2019-04-28,norris,Lando Norris,mclaren,7,1:42.371,1:42.084,1:41.886
2019,4,Azerbaijan Grand Prix,baku,2019-04-28,giovinazzi,Antonio Giovinazzi,alfa,8,1:42.140,1:42.381,1:42.424
2019,4,Azerbaijan Grand Prix,baku,2019-04-28,leclerc,Charles Leclerc,ferrari,9,1:41.426,1:41.995,
2019,4,Azerbaijan Grand Prix,baku,2019-04-28,sainz,Carlos Sainz,mclaren,10,1:41.936,1:42.398,
2019,4,Azerbaijan Grand Prix,baku,2019-04-28,ricciardo,Daniel Ricciardo,renault,11,1:42.486,1:42.477,
2019,4,Azerbaijan Grand Prix,baku,2019-04-28,albon,Alexander Albon,toro_rosso,12,1:42.154,1:42.494,
2019,4,Azerbaijan Grand Prix,baku,2019-04-28,kevin_magnussen,Kevin Magnussen,haas,13,1:42.382,1:42.699,
2019,4,Azerbaijan Grand Prix,baku,2019-04-28,stroll,Lance Stroll,racing_point,14,1:42.630,,
2019,4,Azerbaijan Grand Prix,baku,2019-04-28,grosjean,Romain Grosjean,haas,15,1:43.407,,
2019,4,Azerbaijan Grand Prix,baku,2019-04-28,hulkenberg,Nico Hülkenberg,renault,16,1:43.427,,
2019,4,Azerbaijan Grand Prix,baku,2019-04-28,russell,George Russell,williams,17,1:45.062,,
2019,4,Azerbaijan Grand Prix,baku,2019-04-28,kubica,Robert Kubica,williams,18,1:45.455,,
2019,4,Azerbaijan Grand Prix,baku,2019-04-28,raikkonen,Kimi Räikkönen,alfa,19,,,
2019,4,Azerbaijan Grand Prix,baku,2019-04-28,gasly,Pierre Gasly,red_bull,20,,,
2019,5,Spanish Grand Prix,catalunya,2019-05-12,bottas,Valtteri Bottas,mercedes,1,1:16.979,1:15.924,1:15.406
2019,5,Spanish Grand Prix,catalunya,2019-05-12,hamilton,Lewis Hamilton,mercedes,2,1:17.292,1:16.038,1:16.040
2019,5,Spanish Grand Prix,catalunya,2019-05-12,vettel,Sebastian Vettel,ferrari,3,1:17.425,1:16.667,1:16.272
2019,5,Spanish Grand Prix,catalunya,2019-05-12,max_verstappen,Max Verstappen,red_bull,4,1:17.244,1:16.726,1:16.357
2019,5,Spanish Grand Prix,catalunya,2019-05-12,leclerc,Charles Leclerc,ferrari,5,1:17.388,1:16.714,1:16.588
2019,5,Spanish Grand Prix,catalunya,2019-05-12,gasly,Pierre Gasly,red_bull,6,1:17.862,1:16.932,1:16.708
2019,5,Spanish Grand Prix,catalunya,2019-05-12,grosjean,Romain Grosjean,haas,7,1:18.042,1:17.066,1:16.911
2019,5,Spanish Grand Prix,catalunya,2019-05-12,kevin_magnussen,Kevin Magnussen,haas,8,1:17.669,1:17.272,1:16.922
2019,5,Spanish Grand Prix,catalunya,2019-05-12,kvyat,Daniil Kvyat,toro_rosso,9,1:17.914,1:17.243,1:17.573
2019,5,Spanish Grand Prix,catalunya,2019-05-12,ricciardo,Daniel Ricciardo,renault,10,1:18.385,1:17.299,1:18.106
2019,5,Spanish Grand Prix,catalunya,2019-05-12,norris,Lando Norris,mclaren,11,1:17.611,1:17.338,
2019,5,Spanish Grand Prix,catalunya,2019-05-12,albon,Alexander Albon,toro_rosso,12,1:17.796,1:17.445,
2019,5,Spanish Grand Prix,catalunya,2019-05-12,sainz,Carlos Sainz,mclaren,13,1:17.760,1:17.599,
2019,5,Spanish Grand Prix,catalunya,2019-05-12,raikkonen,Kimi Räikkönen,alfa,14,1:18.132,1:17.788,
2019,5,Spanish Grand Prix,catalunya,2019-05-12,perez,Sergio Pérez,racing_point,15,1:18.286,1:17.886,
2019,5,Spanish Grand Prix,catalunya,2019-05-12,hulkenberg,Nico Hülkenberg,renault,16,1:18.404,,
2019,5,Spanish Grand Prix,catalunya,2019-05-12,stroll,Lance Stroll,racing_point,17,1:18.471,,
2019,5,Spanish Grand Prix,catalunya,2019-05-12,giovinazzi,Antonio Giovinazzi,alfa,18,1:18.664,,
2019,5,Spanish Grand Prix,catalunya,2019-05-12,russell,George Russell,williams,19,1:19.072,,
2019,5,Spanish Grand Prix,catalunya,2019-05-12,kubica,Robert Kubica,williams,20,1:20.254,,
2019,6,Monaco Grand Prix,monaco,2019-05-26,hamilton,Lewis Hamilton,mercedes,1,1:11.542,1:10.835,1:10.166
2019,6,Monaco Grand Prix,monaco,2019-05-26,bottas,Valtteri Bottas,mercedes,2,1:11.562,1:10.701,1:10.252
2019,6,Monaco Grand Prix,monaco,2019-05-26,max_verstappen,Max Verstappen,red_bull,3,1:11.597,1:10.618,1:10.641
2019,6,Monaco Grand Prix,monaco,2019-05-26,vettel,Sebastian Vettel,ferrari,4,1:11.434,1:11.227,1:10.947
2019,6,Monaco Grand Prix,monaco,2019-05-26,gasly,Pierre Gasly,red_bull,5,1:11.740,1:11.457,1:11.041
2019,6,Monaco Grand Prix,monaco,2019-05-26,kevin_magnussen,Kevin Magnussen,haas,6,1:11.865,1:11.363,1:11.109
2019,6,Monaco Grand Prix,monaco,2019-05-26,ricciardo,Daniel Ricciardo,renault,7,1:11.767,1:11.543,1:11.218
2019,6,Monaco Grand Prix,monaco,2019-05-26,kvyat,Daniil Kvyat,toro_rosso,8,1:11.602,1:11.412,1:11.271
2019,6,Monaco Grand Prix,monaco,2019-05-26,sainz,Carlos Sainz,mclaren,9,1:11.872,1:11.608,1:11.417
2019,6,Monaco Grand Prix,monaco,2019-05-26,albon,Alexander Albon,toro_rosso,10,1:12.007,1:11.429,1:11.653
2019,6,Monaco Grand Prix,monaco,2019-05-26,hulkenberg,Nico Hülkenberg,renault,11,1:12.097,1:11.670,
2019,6,Monaco Grand Prix,monaco,2019-05-26,norris,Lando Norris,mclaren,12,1:11.845,1:11.724,
2019,6,Monaco Grand Prix,monaco,2019-05-26,grosjean,Romain Grosjean,haas,13,1:11.837,1:12.027,
2019,6,Monaco Grand Prix,monaco,2019-05-26,raikkonen,Kimi Räikkönen,alfa,14,1:11.993,1:12.115,
2019,6,Monaco Grand Prix,monaco,2019-05-26,giovinazzi,Antonio Giovinazzi,alfa,15,1:11.976,1:12.185,
2019,6,Monaco Grand Prix,monaco,2019-05-26,leclerc,Charles Leclerc,ferrari,16,1:12.149,,
2019,6,Monaco Grand Prix,monaco,2019-05-26,perez,Sergio Pérez,racing_point,17,1:12.233,,
2019,6,Monaco Grand Prix,monaco,2019-05-26,stroll,Lance Stroll,racing_point,18,1:12.846,,
2019,6,Monaco Grand Prix,monaco,2019-05-26,russell,George Russell,williams,19,1:13.477,,
2019,6,Monaco Grand Prix,monaco,2019-05-26,kubica,Robert Kubica,williams,20,1:13.751,,
2019,7,Canadian Grand Prix,villeneuve,2019-06-09,vettel,Sebastian Vettel,ferrari,1,1:11.200,1:11.142,1:10.240
2019,7,Canadian Grand Prix,villeneuve,2019-06-09,hamilton,Lewis Hamilton,mercedes,2,1:11.518,1:11.010,1:10.446
2019,7,Canadian Grand Prix,villeneuve,2019-06-09,leclerc,Charles Leclerc,ferrari,3,1:11.214,1:11.205,1:10.920
2019,7,Canadian Grand Prix,villeneuve,2019-06-09,ricciardo,Daniel Ricciardo,renault,4,1:11.837,1:11.532,1:11.071
2019,7,Canadian Grand Prix,villeneuve,2019-06-09,gasly,Pierre Gasly,red_bull,5,1:12.023,1:11.196,1:11.079
2019,7,Canadian Grand Prix,villeneuve,2019-06-09,bottas,Valtteri Bottas,mercedes,6,1:11.229,1:11.095,1:11.101
2019,7,Canadian Grand Prix,villeneuve,2019-06-09,hulkenberg,Nico Hülkenberg,renault,7,1:11.720,1:11.553,1:11.324
2019,7,Canadian Grand Prix,villeneuve,2019-06-09,norris,Lando Norris,mclaren,8,1:11.780,1:11.735,1:11.863
2019,7,Canadian Grand Prix,villeneuve,2019-06-09,sainz,Carlos Sainz,mclaren,9,1:11.750,1:11.572,1:13.981
2019,7,Canadian Grand Prix,villeneuve,2019-06-09,kevin_magnussen,Kevin Magnussen,haas,10,1:12.107,1:11.786,
2019,7,Canadian Grand Prix,villeneuve,2019-06-09,max_verstappen,Max Verstappen,red_bull,11,1:11.619,1:11.800,
2019,7,Canadian Grand Prix,villeneuve,2019-06-09,kvyat,Daniil Kvyat,toro_rosso,12,1:11.965,1:11.921,
2019,7,Canadian Grand Prix,villeneuve,2019-06-09,giovinazzi,Antonio Giovinazzi,alfa,13,1:12.122,1:12.136,
2019,7,Canadian Grand Prix,villeneuve,2019-06-09,albon,Alexander Albon,toro_rosso,14,1:12.020,1:12.193,
2019,7,Canadian Grand Prix,villeneuve,2019-06-09,grosjean,Romain Grosjean,haas,15,1:12.109,,
2019,7,Canadian Grand Prix,villeneuve,2019-06-09,perez,Sergio Pérez,racing_point,16,1:12.197,,
2019,7,Canadian Grand Prix,villeneuve,2019-06-09,raikkonen,Kimi Räikkönen,alfa,17,1:12.230,,
2019,7,Canadian Grand Prix,villeneuve,2019-06-09,stroll,Lance Stroll,racing_point,18,1:12.266,,
2019,7,Canadian Grand Prix,villeneuve,2019-06-09,russell,George Russell,williams,19,1:13.617,,
2019,7,Canadian Grand Prix,villeneuve,2019-06-09,kubica,Robert Kubica,williams,20,1:14.393,,
2019,8,French Grand Prix,ricard,2019-06-23,hamilton,Lewis Hamilton,mercedes,1,1:30.609,1:29.520,1:28.319
2019,8,French Grand Prix,ricard,2019-06-23,bottas,Valtteri Bottas,mercedes,2,1:30.550,1:29.437,1:28.605
2019,8,French Grand Prix,ricard,2019-06-23,leclerc,Charles Leclerc,ferrari,3,1:30.647,1:29.699,1:28.965
2019,8,French Grand Prix,ricard,2019-06-23,max_verstappen,Max Verstappen,red_bull,4,1:31.327,1:30.099,1:29.409
2019,8,French Grand Prix,ricard,2019-06-23,norris,Lando Norris,mclaren,5,1:30.989,1:30.019,1:29.418
2019,8,French Grand Prix,ricard,2019-06-23,sainz,Carlos Sainz,mclaren,6,1:31.073,1:30.319,1:29.522
2019,8,French Grand Prix,ricard,2019-06-23,vettel,Sebastian Vettel,ferrari,7,1:31.075,1:29.506,1:29.799
2019,8,French Grand Prix,ricard,2019-06-23,ricciardo,Daniel Ricciardo,renault,8,1:30.954,1:30.369,1:29.918
2019,8,French Grand Prix,ricard,2019-06-23,gasly,Pierre Gasly,red_bull,9,1:31.152,1:30.421,1:30.184
2019,8,French Grand Prix,ricard,2019-06-23,giovinazzi,Antonio Giovinazzi,alfa,10,1:31.180,1:30.408,1:33.420
2019,8,French Grand Prix,ricard,2019-06-23,albon,Alexander Albon,toro_rosso,11,1:31.445,1:30.461,
2019,8,French Grand Prix,ricard,2019-06-23,raikkonen,Kimi Räikkönen,alfa,12,1:30.972,1:30.533,
2019,8,French Grand Prix,ricard,2019-06-23,hulkenberg,Nico Hülkenberg,renault,13,1:30.865,1:30.544,
2019,8,French Grand Prix,ricard,2019-06-23,perez,Sergio Pérez,racing_point,14,1:30.964,1:30.738,
2019,8,French Grand Prix,ricard,2019-06-23,kevin_magnussen,Kevin Magnussen,haas,15,1:31.166,1:31.440,
2019,8,French Grand Prix,ricard,2019-06-23,kvyat,Daniil Kvyat,toro_rosso,16,1:31.564,,
2019,8,French Grand Prix,ricard,2019-06-23,grosjean,Romain Grosjean,haas,17,1:31.626,,
2019,8,French Grand Prix,ricard,2019-06-23,stroll,Lance Stroll,racing_point,18,1:31.726,,
2019,8,French Grand Prix,ricard,2019-06-23,russell,George Russell,williams,19,1:32.789,,
2019,8,French Grand Prix,ricard,2019-06-23,kubica,Robert Kubica,williams,20,1:33.205,,
2019,9,Austrian Grand Prix,red_bull_ring,2019-06-30,leclerc,Charles Leclerc,ferrari,1,1:04.138,1:03.378,1:03.003
2019,9,Austrian Grand Prix,red_bull_ring,2019-06-30,hamilton,Lewis Hamilton,mercedes,2,1:03.818,1:03.803,1:03.262
2019,9,Austrian Grand Prix,red_bull_ring,2019-06-30,max_verstappen,Max Verstappen,red_bull,3,1:03.807,1:03.835,1:03.439
2019,9,Austrian Grand Prix,red_bull_ring,2019-06-30,bottas,Valtteri Bottas,mercedes,4,1:04.084,1:03.863,1:03.537
2019,9,Austrian Grand Prix,red_bull_ring,2019-06-30,kevin_magnussen,Kevin Magnussen,haas,5,1:04.778,1:04.466,1:04.072
2019,9,Austrian Grand Prix,red_bull_ring,2019-06-30,norris,Lando Norris,mclaren,6,1:04.361,1:04.211,1:04.099
2019,9,Austrian Grand Prix,red_bull_ring,2019-06-30,raikkonen,Kimi Räikkönen,alfa,7,1:04.615,1:04.056,1:04.166
2019,9,Austrian Grand Prix,red_bull_ring,2019-06-30,giovinazzi,Antonio Giovinazzi,alfa,8,1:04.450,1:04.194,1:04.179
2019,9,Austrian Grand Prix,red_bull_ring,2019-06-30,gasly,Pierre Gasly,red_bull,9,1:04.412,1:03.988,1:04.199
2019,9,Austrian Grand Prix,red_bull_ring,2019-06-30,vettel,Sebastian Vettel,ferrari,10,1:04.430,1:03.667,
2019,9,Austrian Grand Prix,red_bull_ring,2019-06-30,grosjean,Romain Grosjean,haas,11,1:04.552,1:04.490,
2019,9,Austrian Grand Prix,red_bull_ring,2019-06-30,hulkenberg,Nico Hülkenberg,renault,12,1:04.733,1:04.516,
2019,9,Austrian Grand Prix,red_bull_ring,2019-06-30,albon,Alexander Albon,toro_rosso,13,1:04.708,1:04.665,
2019,9,Austrian Grand Prix,red_bull_ring,2019-06-30,ricciardo,Daniel Ricciardo,renault,14,1:04.647,1:04.790,
2019,9,Austrian Grand Prix,red_bull_ring,2019-06-30,sainz,Carlos Sainz,mclaren,15,1:04.453,1:13.601,
2019,9,Austrian Grand Prix,red_bull_ring,2019-06-30,perez,Sergio Pérez,racing_point,16,1:04.789,,
2019,9,Austrian Grand Prix,red_bull_ring,2019-06-30,stroll,Lance Stroll,racing_point,17,1:04.832,,
2019,9,Austrian Grand Prix,red_bull_ring,2019-06-30,kvyat,Daniil Kvyat,toro_rosso,18,1:05.324,,
2019,9,Austrian Grand Prix,red_bull_ring,2019-06-30,russell,George Russell,williams,19,1:05.904,,
2019,9,Austrian Grand Prix,red_bull_ring,2019-06-30,kubica,Robert Kubica,williams,20,1:06.206,,
2019,10,British Grand Prix,silverstone,2019-07-14,bottas,Valtteri Bottas,mercedes,1,1:25.750,1:25.672,1:25.093
2019,10,British Grand Prix,silverstone,2019-07-14,hamilton,Lewis Hamilton,mercedes,2,1:25.513,1:25.840,1:25.099
2019,10,British Grand Prix,silverstone,2019-07-14,leclerc,Charles Leclerc,ferrari,3,1:25.533,1:25.546,1:25.172
2019,10,British Grand Prix,silverstone,2019-07-14,max_verstappen,Max Verstappen,red_bull,4,1:25.700,1:25.848,1:25.276
2019,10,British Grand Prix,silverstone,2019-07-14,gasly,Pierre Gasly,red_bull,5,1:26.273,1:26.038,1:25.590
2019,10,British Grand Prix,silverstone,2019-07-14,vettel,Sebastian Vettel,ferrari,6,1:25.898,1:26.023,1:25.787
2019,10,British Grand Prix,silverstone,2019-07-14,ricciardo,Daniel Ricciardo,renault,7,1:26.428,1:26.283,1:26.182
2019,10,British Grand Prix,silverstone,2019-07-14,norris,Lando Norris,mclaren,8,1:26.079,1:26.385,1:26.224
2019,10,British Grand Prix,silverstone,2019-07-14,albon,Alexander Albon,toro_rosso,9,1:26.482,1:26.403,1:26.345
2019,10,British Grand Prix,silverstone,2019-07-14,hulkenberg,Nico Hülkenberg,renault,10,1:26.568,1:26.397,1:26.386
2019,10,British Grand Prix,silverstone,2019-07-14,giovinazzi,Antonio Giovinazzi,alfa,11,1:26.449,1:26.519,
2019,10,British Grand Prix,silverstone,2019-07-14,raikkonen,Kimi Räikkönen,alfa,12,1:26.558,1:26.546,
2019,10,British Grand Prix,silverstone,2019-07-14,sainz,Carlos Sainz,mclaren,13,1:26.203,1:26.578,
2019,10,British Grand Prix,silverstone,2019-07-14,grosjean,Romain Grosjean,haas,14,1:26.347,1:26.757,
2019,10,British Grand Prix,silverstone,2019-07-14,perez,Sergio Pérez,racing_point,15,1:26.649,1:26.928,
2019,10,British Grand Prix,silverstone,2019-07-14,kevin_magnussen,Kevin Magnussen,haas,16,1:26.662,,
2019,10,British Grand Prix,silverstone,2019-07-14,kvyat,Daniil Kvyat,toro_rosso,17,1:26.721,,
2019,10,British Grand Prix,silverstone,2019-07-14,stroll,Lance Stroll,racing_point,18,1:26.762,,
2019,10,British Grand Prix,silverstone,2019-07-14,russell,George Russell,williams,19,1:27.789,,
2019,10,British Grand Prix,silverstone,2019-07-14,kubica,Robert Kubica,williams,20,1:28.257,,
2019,11,German Grand Prix,hockenheimring,2019-07-28,hamilton,Lewis Hamilton,mercedes,1,1:12.852,1:12.149,1:11.767
2019,11,German Grand Prix,hockenheimring,2019-07-28,max_verstappen,Max Verstappen,red_bull,2,1:12.593,1:12.427,1:12.113
2019,11,German Grand Prix,hockenheimring,2019-07-28,bottas,Valtteri Bottas,mercedes,3,1:13.075,1:12.424,1:12.129
2019,11,German Grand Prix,hockenheimring,2019-07-28,gasly,Pierre Gasly,red_bull,4,1:12.991,1:12.385,1:12.522
2019,11,German Grand Prix,hockenheimring,2019-07-28,raikkonen,Kimi Räikkönen,alfa,5,1:13.066,1:12.519,1:12.538
2019,11,German Grand Prix,hockenheimring,2019-07-28,grosjean,Romain Grosjean,haas,6,1:13.146,1:12.769,1:12.851
2019,11,German Grand Prix,hockenheimring,2019-07-28,sainz,Carlos Sainz,mclaren,7,1:13.221,1:12.632,1:12.897
2019,11,German Grand Prix,hockenheimring,2019-07-28,perez,Sergio Pérez,racing_point,8,1:13.194,1:12.776,1:13.065
2019,11,German Grand Prix,hockenheimring,2019-07-28,hulkenberg,Nico Hülkenberg,renault,9,1:13.186,1:12.766,1:13.126
2019,11,German Grand Prix,hockenheimring,2019-07-28,leclerc,Charles Leclerc,ferrari,10,1:12.229,1:12.344,
2019,11,German Grand Prix,hockenheimring,2019-07-28,giovinazzi,Antonio Giovinazzi,alfa,11,1:13.170,1:12.786,
2019,11,German Grand Prix,hockenheimring,2019-07-28,kevin_magnussen,Kevin Magnussen,haas,12,1:13.103,1:12.789,
2019,11,German Grand Prix,hockenheimring,2019-07-28,ricciardo,Daniel Ricciardo,renault,13,1:13.131,1:12.799,
2019,11,German Grand Prix,hockenheimring,2019-07-28,kvyat,Daniil Kvyat,toro_rosso,14,1:13.278,1:13.135,
2019,11,German Grand Prix,hockenheimring,2019-07-28,stroll,Lance Stroll,racing_point,15,1:13.256,1:13.450,
2019,11,German Grand Prix,hockenheimring,2019-07-28,norris,Lando Norris,mclaren,16,1:13.333,,
2019,11,German Grand Prix,hockenheimring,2019-07-28,albon,Alexander Albon,toro_rosso,17,1:13.461,,
2019,11,German Grand Prix,hockenheimring,2019-07-28,russell,George Russell,williams,18,1:14.721,,
2019,11,German Grand Prix,hockenheimring,2019-07-28,kubica,Robert Kubica,williams,19,1:14.839,,
2019,11,German Grand Prix,hockenheimring,2019-07-28,vettel,Sebastian Vettel,ferrari,20,,,
2019,12,Hungarian Grand Prix,hungaroring,2019-08-04,max_verstappen,Max Verstappen,red_bull,1,1:15.817,1:15.573,1:14.572
2019,12,Hungarian Grand Prix,hungaroring,2019-08-04,bottas,Valtteri Bottas,mercedes,2,1:16.078,1:15.669,1:14.590
2019,12,Hungarian Grand Prix,hungaroring,2019-08-04,hamilton,Lewis Hamilton,mercedes,3,1:16.068,1:15.548,1:14.769
2019,12,Hungarian Grand Prix,hungaroring,2019-08-04,leclerc,Charles Leclerc,ferrari,4,1:16.337,1:15.792,1:15.043
2019,12,Hungarian Grand Prix,hungaroring,2019-08-04,vettel,Sebastian Vettel,ferrari,5,1:16.452,1:15.885,1:15.071
2019,12,Hungarian Grand Prix,hungaroring,2019-08-04,gasly,Pierre Gasly,red_bull,6,1:16.716,1:16.393,1:15.450
2019,12,Hungarian Grand Prix,hungaroring,2019-08-04,norris,Lando Norris,mclaren,7,1:16.697,1:16.060,1:15.800
2019,12,Hungarian Grand Prix,hungaroring,2019-08-04,sainz,Carlos Sainz,mclaren,8,1:16.493,1:16.308,1:15.852
2019,12,Hungarian Grand Prix,hungaroring,2019-08-04,grosjean,Romain Grosjean,haas,9,1:16.978,1:16.319,1:16.013
2019,12,Hungarian Grand Prix,hungaroring,2019-08-04,raikkonen,Kimi Räikkönen,alfa,10,1:16.506,1:16.518,1:16.041
2019,12,Hungarian Grand Prix,hungaroring,2019-08-04,hulkenberg,Nico Hülkenberg,renault,11,1:16.790,1:16.565,
2019,12,Hungarian Grand Prix,hungaroring,2019-08-04,albon,Alexander Albon,toro_rosso,12,1:16.912,1:16.687,
2019,12,Hungarian Grand Prix,hungaroring,2019-08-04,kvyat,Daniil Kvyat,toro_rosso,13,1:16.750,1:16.692,
2019,12,Hungarian Grand Prix,hungaroring,2019-08-04,giovinazzi,Antonio Giovinazzi,alfa,14,1:16.894,1:16.804,
2019,12,Hungarian Grand Prix,hungaroring,2019-08-04,kevin_magnussen,Kevin Magnussen,haas,15,1:16.122,1:17.081,
2019,12,Hungarian Grand Prix,hungaroring,2019-08-04,russell,George Russell,williams,16,1:17.031,,
2019,12,Hungarian Grand Prix,hungaroring,2019-08-04,perez,Sergio Pérez,racing_point,17,1:17.109,,
2019,12,Hungarian Grand Prix,hungaroring,2019-08-04,ricciardo,Daniel Ricciardo,renault,18,1:17.257,,
2019,12,Hungarian Grand Prix,hungaroring,2019-08-04,stroll,Lance Stroll,racing_point,19,1:17.542,,
2019,12,Hungarian Grand Prix,hungaroring,2019-08-04,kubica,Robert Kubica,williams,20,1:18.324,,
2019,13,Belgian Grand Prix,spa,2019-09-01,leclerc,Charles Leclerc,ferrari,1,1:43.587,1:42.938,1:42.519
2019,13,Belgian Grand Prix,spa,2019-09-01,vettel,Sebastian Vettel,ferrari,2,1:44.109,1:43.037,1:43.267
2019,13,Belgian Grand Prix,spa,2019-09-01,hamilton,Lewis Hamilton,mercedes,3,1:45.260,1:43.592,1:43.282
2019,13,Belgian Grand Prix,spa,2019-09-01,bottas,Valtteri Bottas,mercedes,4,1:45.141,1:43.980,1:43.415
2019,13,Belgian Grand Prix,spa,2019-09-01,max_verstappen,Max Verstappen,red_bull,5,1:44.622,1:44.132,1:43.690
2019,13,Belgian Grand Prix,spa,2019-09-01,ricciardo,Daniel Ricciardo,renault,6,1:45.560,1:44.103,1:44.257
2019,13,Belgian Grand Prix,spa,2019-09-01,hulkenberg,Nico Hülkenberg,renault,7,1:45.899,1:44.549,1:44.542
2019,13,Belgian Grand Prix,spa,2019-09-01,raikkonen,Kimi Räikkönen,alfa,8,1:45.842,1:44.140,1:44.557
2019,13,Belgian Grand Prix,spa,2019-09-01,perez,Sergio Pérez,racing_point,9,1:45.732,1:44.707,1:44.706
2019,13,Belgian Grand Prix,spa,2019-09-01,kevin_magnussen,Kevin Magnussen,haas,10,1:45.839,1:44.738,1:45.086
2019,13,Belgian Grand Prix,spa,2019-09-01,grosjean,Romain Grosjean,haas,11,1:45.694,1:44.797,
2019,13,Belgian Grand Prix,spa,2019-09-01,norris,Lando Norris,mclaren,12,1:46.154,1:44.847,
2019,13,Belgian Grand Prix,spa,2019-09-01,stroll,Lance Stroll,racing_point,13,1:46.000,1:45.047,
2019,13,Belgian Grand Prix,spa,2019-09-01,albon,Alexander Albon,red_bull,14,1:45.528,1:45.799,
2019,13,Belgian Grand Prix,spa,2019-09-01,giovinazzi,Antonio Giovinazzi,alfa,15,1:45.637,,
2019,13,Belgian Grand Prix,spa,2019-09-01,gasly,Pierre Gasly,toro_rosso,16,1:46.435,,
2019,13,Belgian Grand Prix,spa,2019-09-01,sainz,Carlos Sainz,mclaren,17,1:46.507,,
2019,13,Belgian Grand Prix,spa,2019-09-01,kvyat,Daniil Kvyat,toro_rosso,18,1:46.518,,
2019,13,Belgian Grand Prix,spa,2019-09-01,russell,George Russell,williams,19,1:47.548,,
2019,13,Belgian Grand Prix,spa,2019-09-01,kubica,Robert Kubica,williams,20,,,
2019,14,Italian Grand Prix,monza,2019-09-08,leclerc,Charles Leclerc,ferrari,1,1:20.126,1:19.553,1:19.307
2019,14,Italian Grand Prix,monza,2019-09-08,hamilton,Lewis Hamilton,mercedes,2,1:20.272,1:19.464,1:19.346
2019,14,Italian Grand Prix,monza,2019-09-08,bottas,Valtteri Bottas,mercedes,3,1:20.156,1:20.018,1:19.354
2019,14,Italian Grand Prix,monza,2019-09-08,vettel,Sebastian Vettel,ferrari,4,1:20.378,1:19.715,1:19.457
2019,14,Italian Grand Prix,monza,2019-09-08,ricciardo,Daniel Ricciardo,renault,5,1:20.374,1:19.833,1:19.839
2019,14,Italian Grand Prix,monza,2019-09-08,hulkenberg,Nico Hülkenberg,renault,6,1:20.155,1:20.275,1:20.049
2019,14,Italian Grand Prix,monza,2019-09-08,sainz,Carlos Sainz,mclaren,7,1:20.413,1:20.202,1:20.455
2019,14,Italian Grand Prix,monza,2019-09-08,albon,Alexander Albon,red_bull,8,1:20.382,1:20.021,
2019,14,Italian Grand Prix,monza,2019-09-08,stroll,Lance Stroll,racing_point,9,1:20.643,1:20.498,
2019,14,Italian Grand Prix,monza,2019-09-08,raikkonen,Kimi Räikkönen,alfa,10,1:20.634,1:20.515,
2019,14,Italian Grand Prix,monza,2019-09-08,giovinazzi,Antonio Giovinazzi,alfa,11,1:20.657,1:20.517,
2019,14,Italian Grand Prix,monza,2019-09-08,kevin_magnussen,Kevin Magnussen,haas,12,1:20.616,1:20.615,
2019,14,Italian Grand Prix,monza,2019-09-08,kvyat,Daniil Kvyat,toro_rosso,13,1:20.723,1:20.630,
2019,14,Italian Grand Prix,monza,2019-09-08,norris,Lando Norris,mclaren,14,1:20.646,1:21.068,
2019,14,Italian Grand Prix,monza,2019-09-08,gasly,Pierre Gasly,toro_rosso,15,1:20.508,1:21.125,
2019,14,Italian Grand Prix,monza,2019-09-08,grosjean,Romain Grosjean,haas,16,1:20.784,,
2019,14,Italian Grand Prix,monza,2019-09-08,perez,Sergio Pérez,racing_point,17,1:21.291,,
2019,14,Italian Grand Prix,monza,2019-09-08,russell,George Russell,williams,18,1:21.800,,
2019,14,Italian Grand Prix,monza,2019-09-08,kubica,Robert Kubica,williams,19,1:22.356,,
2019,14,Italian Grand Prix,monza,2019-09-08,max_verstappen,Max Verstappen,red_bull,20,,,
2019,15,Singapore Grand Prix,marina_bay,2019-09-22,leclerc,Charles Leclerc,ferrari,1,1:38.014,1:36.650,1:36.217
2019,15,Singapore Grand Prix,marina_bay,2019-09-22,hamilton,Lewis Hamilton,mercedes,2,1:37.565,1:36.933,1:36.408
2019,15,Singapore Grand Prix,marina_bay,2019-09-22,vettel,Sebastian Vettel,ferrari,3,1:38.374,1:36.720,1:36.437
2019,15,Singapore Grand Prix,marina_bay,2019-09-22,max_verstappen,Max Verstappen,red_bull,4,1:38.540,1:37.089,1:36.813
2019,15,Singapore Grand Prix,marina_bay,2019-09-22,bottas,Valtteri Bottas,mercedes,5,1:37.317,1:37.142,1:37.146
2019,15,Singapore Grand Prix,marina_bay,2019-09-22,albon,Alexander Albon,red_bull,6,1:39.106,1:37.865,1:37.411
2019,15,Singapore Grand Prix,marina_bay,2019-09-22,sainz,Carlos Sainz,mclaren,7,1:38.882,1:37.982,1:37.818
2019,15,Singapore Grand Prix,marina_bay,2019-09-22,hulkenberg,Nico Hülkenberg,renault,8,1:39.001,1:38.580,1:38.264
2019,15,Singapore Grand Prix,marina_bay,2019-09-22,norris,Lando Norris,mclaren,9,1:38.606,1:37.572,1:38.329
2019,15,Singapore Grand Prix,marina_bay,2019-09-22,perez,Sergio Pérez,racing_point,10,1:39.909,1:38.520,
2019,15,Singapore Grand Prix,marina_bay,2019-09-22,giovinazzi,Antonio Giovinazzi,alfa,11,1:39.272,1:38.697,
2019,15,Singapore Grand Prix,marina_bay,2019-09-22,gasly,Pierre Gasly,toro_rosso,12,1:39.085,1:38.699,
2019,15,Singapore Grand Prix,marina_bay,2019-09-22,raikkonen,Kimi Räikkönen,alfa,13,1:39.454,1:38.858,
2019,15,Singapore Grand Prix,marina_bay,2019-09-22,kevin_magnussen,Kevin Magnussen,haas,14,1:39.942,1:39.650,
2019,15,Singapore Grand Prix,marina_bay,2019-09-22,kvyat,Daniil Kvyat,toro_rosso,15,1:39.957,,
2019,15,Singapore Grand Prix,marina_bay,2019-09-22,stroll,Lance Stroll,racing_point,16,1:39.979,,
2019,15,Singapore Grand Prix,marina_bay,2019-09-22,grosjean,Romain Grosjean,haas,17,1:40.277,,
2019,15,Singapore Grand Prix,marina_bay,2019-09-22,russell,George Russell,williams,18,1:40.867,,
2019,15,Singapore Grand Prix,marina_bay,2019-09-22,kubica,Robert Kubica,williams,19,1:41.186,,
2019,15,Singapore Grand Prix,marina_bay,2019-09-22,ricciardo,Daniel Ricciardo,renault,20,,,
2019,16,Russian Grand Prix,sochi,2019-09-29,leclerc,Charles Leclerc,ferrari,1,1:33.613,1:32.434,1:31.628
2019,16,Russian Grand Prix,sochi,2019-09-29,hamilton,Lewis Hamilton,mercedes,2,1:33.230,1:33.134,1:32.030
2019,16,Russian Grand Prix,sochi,2019-09-29,vettel,Sebastian Vettel,ferrari,3,1:33.032,1:32.536,1:32.053
2019,16,Russian Grand Prix,sochi,2019-09-29,max_verstappen,Max Verstappen,red_bull,4,1:33.368,1:32.634,1:32.310
2019,16,Russian Grand Prix,sochi,2019-09-29,bottas,Valtteri Bottas,mercedes,5,1:33.413,1:33.281,1:32.632
2019,16,Russian Grand Prix,sochi,2019-09-29,sainz,Carlos Sainz,mclaren,6,1:34.184,1:33.807,1:33.222
2019,16,Russian Grand Prix,sochi,2019-09-29,hulkenberg,Nico Hülkenberg,renault,7,1:34.236,1:33.898,1:33.289
2019,16,Russian Grand Prix,sochi,2019-09-29,norris,Lando Norris,mclaren,8,1:34.201,1:33.725,1:33.301
2019,16,Russian Grand Prix,sochi,2019-09-29,grosjean,Romain Grosjean,haas,9,1:34.283,1:33.643,1:33.517
2019,16,Russian Grand Prix,sochi,2019-09-29,ricciardo,Daniel Ricciardo,renault,10,1:34.138,1:33.862,1:33.661
2019,16,Russian Grand Prix,sochi,2019-09-29,gasly,Pierre Gasly,toro_rosso,11,1:34.456,1:33.950,
2019,16,Russian Grand Prix,sochi,2019-09-29,perez,Sergio Pérez,racing_point,12,1:34.336,1:33.958,
2019,16,Russian Grand Prix,sochi,2019-09-29,giovinazzi,Antonio Giovinazzi,alfa,13,1:34.755,1:34.037,
2019,16,Russian Grand Prix,sochi,2019-09-29,kevin_magnussen,Kevin Magnussen,haas,14,1:33.889,1:34.082,
2019,16,Russian Grand Prix,sochi,2019-09-29,stroll,Lance Stroll,racing_point,15,1:34.287,1:34.233,
2019,16,Russian Grand Prix,sochi,2019-09-29,raikkonen,Kimi Räikkönen,alfa,16,1:34.840,,
2019,16,Russian Grand Prix,sochi,2019-09-29,russell,George Russell,williams,17,1:35.356,,
2019,16,Russian Grand Prix,sochi,2019-09-29,kubica,Robert Kubica,williams,18,1:36.474,,
2019,16,Russian Grand Prix,sochi,2019-09-29,albon,Alexander Albon,red_bull,19,1:39.197,,
2019,16,Russian Grand Prix,sochi,2019-09-29,kvyat,Daniil Kvyat,toro_rosso,20,1:39.544,,
2019,17,Japanese Grand Prix,suzuka,2019-10-13,vettel,Sebastian Vettel,ferrari,1,1:28.988,1:28.174,1:27.064
2019,17,Japanese Grand Prix,suzuka,2019-10-13,leclerc,Charles Leclerc,ferrari,2,1:28.405,1:28.179,1:27.253
2019,17,Japanese Grand Prix,suzuka,2019-10-13,bottas,Valtteri Bottas,mercedes,3,1:28.896,1:27.688,1:27.293
2019,17,Japanese Grand Prix,suzuka,2019-10-13,hamilton,Lewis Hamilton,mercedes,4,1:28.735,1:27.826,1:27.302
2019,17,Japanese Grand Prix,suzuka,2019-10-13,max_verstappen,Max Verstappen,red_bull,5,1:28.754,1:28.499,1:27.851
2019,17,Japanese Grand Prix,suzuka,2019-10-13,albon,Alexander Albon,red_bull,6,1:29.351,1:28.156,1:27.851
2019,17,Japanese Grand Prix,suzuka,2019-10-13,sainz,Carlos Sainz,mclaren,7,1:29.018,1:28.577,1:28.304
2019,17,Japanese Grand Prix,suzuka,2019-10-13,norris,Lando Norris,mclaren,8,1:28.873,1:28.571,1:28.464
2019,17,Japanese Grand Prix,suzuka,2019-10-13,gasly,Pierre Gasly,toro_rosso,9,1:29.411,1:28.779,1:28.836
2019,17,Japanese Grand Prix,suzuka,2019-10-13,grosjean,Romain Grosjean,haas,10,1:29.572,1:29.144,1:29.341
2019,17,Japanese Grand Prix,suzuka,2019-10-13,giovinazzi,Antonio Giovinazzi,alfa,11,1:29.604,1:29.254,
2019,17,Japanese Grand Prix,suzuka,2019-10-13,stroll,Lance Stroll,racing_point,12,1:29.594,1:29.345,
2019,17,Japanese Grand Prix,suzuka,2019-10-13,raikkonen,Kimi Räikkönen,alfa,13,1:29.636,1:29.358,
2019,17,Japanese Grand Prix,suzuka,2019-10-13,kvyat,Daniil Kvyat,toro_rosso,14,1:29.723,1:29.563,
2019,17,Japanese Grand Prix,suzuka,2019-10-13,hulkenberg,Nico Hülkenberg,renault,15,1:29.619,1:30.112,
2019,17,Japanese Grand Prix,suzuka,2019-10-13,ricciardo,Daniel Ricciardo,renault,16,1:29.822,,
2019,17,Japanese Grand Prix,suzuka,2019-10-13,perez,Sergio Pérez,racing_point,17,1:30.344,,
2019,17,Japanese Grand Prix,suzuka,2019-10-13,russell,George Russell,williams,18,1:30.364,,
2019,17,Japanese Grand Prix,suzuka,2019-10-13,kevin_magnussen,Kevin Magnussen,haas,19,,,
2019,17,Japanese Grand Prix,suzuka,2019-10-13,kubica,Robert Kubica,williams,20,,,
2019,18,Mexican Grand Prix,rodriguez,2019-10-27,max_verstappen,Max Verstappen,red_bull,1,1:15.949,1:16.136,1:14.758
2019,18,Mexican Grand Prix,rodriguez,2019-10-27,leclerc,Charles Leclerc,ferrari,2,1:16.364,1:16.219,1:15.024
2019,18,Mexican Grand Prix,rodriguez,2019-10-27,vettel,Sebastian Vettel,ferrari,3,1:16.696,1:15.914,1:15.170
2019,18,Mexican Grand Prix,rodriguez,2019-10-27,hamilton,Lewis Hamilton,mercedes,4,1:16.424,1:15.721,1:15.262
2019,18,Mexican Grand Prix,rodriguez,2019-10-27,albon,Alexander Albon,red_bull,5,1:16.175,1:16.574,1:15.336
2019,18,Mexican Grand Prix,rodriguez,2019-10-27,bottas,Valtteri Bottas,mercedes,6,1:17.062,1:15.852,1:15.338
2019,18,Mexican Grand Prix,rodriguez,2019-10-27,sainz,Carlos Sainz,mclaren,7,1:17.044,1:16.267,1:16.014
2019,18,Mexican Grand Prix,rodriguez,2019-10-27,norris,Lando Norris,mclaren,8,1:17.092,1:16.447,1:16.322
2019,18,Mexican Grand Prix,rodriguez,2019-10-27,kvyat,Daniil Kvyat,toro_rosso,9,1:17.041,1:16.657,1:16.469
2019,18,Mexican Grand Prix,rodriguez,2019-10-27,gasly,Pierre Gasly,toro_rosso,10,1:17.065,1:16.679,1:16.586
2019,18,Mexican Grand Prix,rodriguez,2019-10-27,perez,Sergio Pérez,racing_point,11,1:17.465,1:16.687,
2019,18,Mexican Grand Prix,rodriguez,2019-10-27,hulkenberg,Nico Hülkenberg,renault,12,1:17.608,1:16.885,
2019,18,Mexican Grand Prix,rodriguez,2019-10-27,ricciardo,Daniel Ricciardo,renault,13,1:17.270,1:16.933,
2019,18,Mexican Grand Prix,rodriguez,2019-10-27,raikkonen,Kimi Räikkönen,alfa,14,1:17.225,1:16.967,
2019,18,Mexican Grand Prix,rodriguez,2019-10-27,giovinazzi,Antonio Giovinazzi,alfa,15,1:17.794,1:17.269,
2019,18,Mexican Grand Prix,rodriguez,2019-10-27,stroll,Lance Stroll,racing_point,16,1:18.065,,
2019,18,Mexican Grand Prix,rodriguez,2019-10-27,kevin_magnussen,Kevin Magnussen,haas,17,1:18.436,,
2019,18,Mexican Grand Prix,rodriguez,2019-10-27,grosjean,Romain Grosjean,haas,18,1:18.599,,
2019,18,Mexican Grand Prix,rodriguez,2019-10-27,russell,George Russell,williams,19,1:18.823,,
2019,18,Mexican Grand Prix,rodriguez,2019-10-27,kubica,Robert Kubica,williams,20,1:20.179,,
2019,19,United States Grand Prix,americas,2019-11-03,bottas,Valtteri Bottas,mercedes,1,1:33.750,1:33.160,1:32.029
2019,19,United States Grand Prix,americas,2019-11-03,vettel,Sebastian Vettel,ferrari,2,1:33.766,1:33.782,1:32.041
2019,19,United States Grand Prix,americas,2019-11-03,max_verstappen,Max Verstappen,red_bull,3,1:33.549,1:33.120,1:32.096
2019,19,United States Grand Prix,americas,2019-11-03,leclerc,Charles Leclerc,ferrari,4,1:33.988,1:32.760,1:32.137
2019,19,United States Grand Prix,americas,2019-11-03,hamilton,Lewis Hamilton,mercedes,5,1:33.454,1:33.045,1:32.321
2019,19,United States Grand Prix,americas,2019-11-03,albon,Alexander Albon,red_bull,6,1:33.984,1:32.898,1:32.548
2019,19,United States Grand Prix,americas,2019-11-03,sainz,Carlos Sainz,mclaren,7,1:33.916,1:33.422,1:32.847
2019,19,United States Grand Prix,americas,2019-11-03,norris,Lando Norris,mclaren,8,1:33.353,1:33.316,1:33.175
2019,19,United States Grand Prix,americas,2019-11-03,ricciardo,Daniel Ricciardo,renault,9,1:33.835,1:33.608,1:33.488
2019,19,United States Grand Prix,americas,2019-11-03,gasly,Pierre Gasly,toro_rosso,10,1:33.556,1:33.715,1:33.601
2019,19,United States Grand Prix,americas,2019-11-03,hulkenberg,Nico Hülkenberg,renault,11,1:34.092,1:33.815,
2019,19,United States Grand Prix,americas,2019-11-03,kevin_magnussen,Kevin Magnussen,haas,12,1:33.812,1:33.979,
2019,19,United States Grand Prix,americas,2019-11-03,kvyat,Daniil Kvyat,toro_rosso,13,1:34.138,1:33.989,
2019,19,United States Grand Prix,americas,2019-11-03,stroll,Lance Stroll,racing_point,14,1:33.921,1:34.100,
2019,19,United States Grand Prix,americas,2019-11-03,grosjean,Romain Grosjean,haas,15,1:34.161,1:34.158,
2019,19,United States Grand Prix,americas,2019-11-03,giovinazzi,Antonio Giovinazzi,alfa,16,1:34.226,,
2019,19,United States Grand Prix,americas,2019-11-03,raikkonen,Kimi Räikkönen,alfa,17,1:34.369,,
2019,19,United States Grand Prix,americas,2019-11-03,russell,George Russell,williams,18,1:35.372,,
2019,19,United States Grand Prix,americas,2019-11-03,perez,Sergio Pérez,racing_point,19,1:35.808,,
2019,19,United States Grand Prix,americas,2019-11-03,kubica,Robert Kubica,williams,20,1:35.889,,
2019,20,Brazilian Grand Prix,interlagos,2019-11-17,max_verstappen,Max Verstappen,red_bull,1,1:08.242,1:07.503,1:07.508
2019,20,Brazilian Grand Prix,interlagos,2019-11-17,vettel,Sebastian Vettel,ferrari,2,1:08.556,1:08.050,1:07.631
2019,20,Brazilian Grand Prix,interlagos,2019-11-17,hamilton,Lewis Hamilton,mercedes,3,1:08.614,1:08.088,1:07.699
2019,20,Brazilian Grand Prix,interlagos,2019-11-17,leclerc,Charles Leclerc,ferrari,4,1:08.496,1:07.888,1:07.728
2019,20,Brazilian Grand Prix,interlagos,2019-11-17,bottas,Valtteri Bottas,mercedes,5,1:08.545,1:08.232,1:07.874
2019,20,Brazilian Grand Prix,interlagos,2019-11-17,albon,Alexander Albon,red_bull,6,1:08.503,1:08.117,1:07.935
2019,20,Brazilian Grand Prix,interlagos,2019-11-17,gasly,Pierre Gasly,toro_rosso,7,1:08.909,1:08.770,1:08.837
2019,20,Brazilian Grand Prix,interlagos,2019-11-17,grosjean,Romain Grosjean,haas,8,1:09.197,1:08.705,1:08.854
2019,20,Brazilian Grand Prix,interlagos,2019-11-17,raikkonen,Kimi Räikkönen,alfa,9,1:09.276,1:08.858,1:08.984
2019,20,Brazilian Grand Prix,interlagos,2019-11-17,kevin_magnussen,Kevin Magnussen,haas,10,1:08.875,1:08.803,1:09.037
2019,20,Brazilian Grand Prix,interlagos,2019-11-17,norris,Lando Norris,mclaren,11,1:08.891,1:08.868,
2019,20,Brazilian Grand Prix,interlagos,2019-11-17,ricciardo,Daniel Ricciardo,renault,12,1:09.086,1:08.903,
2019,20,Brazilian Grand Prix,interlagos,2019-11-17,giovinazzi,Antonio Giovinazzi,alfa,13,1:09.175,1:08.919,
2019,20,Brazilian Grand Prix,interlagos,2019-11-17,hulkenberg,Nico Hülkenberg,renault,14,1:09.050,1:08.921,
2019,20,Brazilian Grand Prix,interlagos,2019-11-17,perez,Sergio Pérez,racing_point,15,1:09.288,1:09.035,
2019,20,Brazilian Grand Prix,interlagos,2019-11-17,kvyat,Daniil Kvyat,toro_rosso,16,1:09.320,,
2019,20,Brazilian Grand Prix,interlagos,2019-11-17,stroll,Lance Stroll,racing_point,17,1:09.536,,
2019,20,Brazilian Grand Prix,interlagos,2019-11-17,russell,George Russell,williams,18,1:10.126,,
2019,20,Brazilian Grand Prix,interlagos,2019-11-17,kubica,Robert Kubica,williams,19,1:10.614,,
2019,20,Brazilian Grand Prix,interlagos,2019-11-17,sainz,Carlos Sainz,mclaren,20,,,
2019,21,Abu Dhabi Grand Prix,yas_marina,2019-12-01,hamilton,Lewis Hamilton,mercedes,1,1:35.851,1:35.634,1:34.779
2019,21,Abu Dhabi Grand Prix,yas_marina,2019-12-01,bottas,Valtteri Bottas,mercedes,2,1:36.200,1:35.674,1:34.973
2019,21,Abu Dhabi Grand Prix,yas_marina,2019-12-01,max_verstappen,Max Verstappen,red_bull,3,1:36.390,1:36.275,1:35.139
2019,21,Abu Dhabi Grand Prix,yas_marina,2019-12-01,leclerc,Charles Leclerc,ferrari,4,1:36.478,1:35.543,1:35.219
2019,21,Abu Dhabi Grand Prix,yas_marina,2019-12-01,vettel,Sebastian Vettel,ferrari,5,1:36.963,1:35.786,1:35.339
2019,21,Abu Dhabi Grand Prix,yas_marina,2019-12-01,albon,Alexander Albon,red_bull,6,1:36.102,1:36.718,1:35.682
2019,21,Abu Dhabi Grand Prix,yas_marina,2019-12-01,norris,Lando Norris,mclaren,7,1:37.545,1:36.764,1:36.436
2019,21,Abu Dhabi Grand Prix,yas_marina,2019-12-01,ricciardo,Daniel Ricciardo,renault,8,1:37.106,1:36.785,1:36.456
2019,21,Abu Dhabi Grand Prix,yas_marina,2019-12-01,sainz,Carlos Sainz,mclaren,9,1:37.358,1:36.308,1:36.459
2019,21,Abu Dhabi Grand Prix,yas_marina,2019-12-01,hulkenberg,Nico Hülkenberg,renault,10,1:37.506,1:36.859,1:36.710
2019,21,Abu Dhabi Grand Prix,yas_marina,2019-12-01,perez,Sergio Pérez,racing_point,11,1:36.961,1:37.055,
2019,21,Abu Dhabi Grand Prix,yas_marina,2019-12-01,gasly,Pierre Gasly,toro_rosso,12,1:37.198,1:37.089,
2019,21,Abu Dhabi Grand Prix,yas_marina,2019-12-01,stroll,Lance Stroll,racing_point,13,1:37.528,1:37.103,
2019,21,Abu Dhabi Grand Prix,yas_marina,2019-12-01,kvyat,Daniil Kvyat,toro_rosso,14,1:37.683,1:37.141,
2019,21,Abu Dhabi Grand Prix,yas_marina,2019-12-01,kevin_magnussen,Kevin Magnussen,haas,15,1:37.710,1:37.254,
2019,21,Abu Dhabi Grand Prix,yas_marina,2019-12-01,grosjean,Romain Grosjean,haas,16,1:38.051,,
2019,21,Abu Dhabi Grand Prix,yas_marina,2019-12-01,giovinazzi,Antonio Giovinazzi,alfa,17,1:38.114,,
2019,21,Abu Dhabi Grand Prix,yas_marina,2019-12-01,raikkonen,Kimi Räikkönen,alfa,18,1:38.383,,
2019,21,Abu Dhabi Grand Prix,yas_marina,2019-12-01,russell,George Russell,williams,19,1:38.717,,
2019,21,Abu Dhabi Grand Prix,yas_marina,2019-12-01,kubica,Robert Kubica,williams,20,1:39.236,,
2020,1,Austrian Grand Prix,red_bull_ring,2020-07-05,bottas,Valtteri Bottas,mercedes,1,1:04.111,1:03.015,1:02.939
2020,1,Austrian Grand Prix,red_bull_ring,2020-07-05,hamilton,Lewis Hamilton,mercedes,2,1:04.198,1:03.096,1:02.951
2020,1,Austrian Grand Prix,red_bull_ring,2020-07-05,max_verstappen,Max Verstappen,red_bull,3,1:04.024,1:04.000,1:03.477
2020,1,Austrian Grand Prix,red_bull_ring,2020-07-05,norris,Lando Norris,mclaren,4,1:04.606,1:03.819,1:03.626
2020,1,Austrian Grand Prix,red_bull_ring,2020-07-05,albon,Alexander Albon,red_bull,5,1:04.661,1:03.746,1:03.868
2020,1,Austrian Grand Prix,red_bull_ring,2020-07-05,perez,Sergio Pérez,racing_point,6,1:04.543,1:03.860,1:03.868
2020,1,Austrian Grand Prix,red_bull_ring,2020-07-05,leclerc,Charles Leclerc,ferrari,7,1:04.500,1:04.041,1:03.923
2020,1,Austrian Grand Prix,red_bull_ring,2020-07-05,sainz,Carlos Sainz,mclaren,8,1:04.537,1:03.971,1:03.971
2020,1,Austrian Grand Prix,red_bull_ring,2020-07-05,stroll,Lance Stroll,racing_point,9,1:04.309,1:03.955,1:04.029
2020,1,Austrian Grand Prix,red_bull_ring,2020-07-05,ricciardo,Daniel Ricciardo,renault,10,1:04.556,1:04.023,1:04.239
2020,1,Austrian Grand Prix,red_bull_ring,2020-07-05,vettel,Sebastian Vettel,ferrari,11,1:04.554,1:04.206,
2020,1,Austrian Grand Prix,red_bull_ring,2020-07-05,gasly,Pierre Gasly,alphatauri,12,1:04.603,1:04.305,
2020,1,Austrian Grand Prix,red_bull_ring,2020-07-05,kvyat,Daniil Kvyat,alphatauri,13,1:05.031,1:04.431,
2020,1,Austrian Grand Prix,red_bull_ring,2020-07-05,ocon,Esteban Ocon,renault,14,1:04.933,1:04.643,
2020,1,Austrian Grand Prix,red_bull_ring,2020-07-05,grosjean,Romain Grosjean,haas,15,1:05.094,1:04.691,
2020,1,Austrian Grand Prix,red_bull_ring,2020-07-05,kevin_magnussen,Kevin Magnussen,haas,16,1:05.164,,
2020,1,Austrian Grand Prix,red_bull_ring,2020-07-05,russell,George Russell,williams,17,1:05.167,,
2020,1,Austrian Grand Prix,red_bull_ring,2020-07-05,giovinazzi,Antonio Giovinazzi,alfa,18,1:05.175,,
2020,1,Austrian Grand Prix,red_bull_ring,2020-07-05,raikkonen,Kimi Räikkönen,alfa,19,1:05.224,,
2020,1,Austrian Grand Prix,red_bull_ring,2020-07-05,latifi,Nicholas Latifi,williams,20,1:05.757,,
2020,2,Styrian Grand Prix,red_bull_ring,2020-07-12,hamilton,Lewis Hamilton,mercedes,1,1:18.188,1:17.825,1:19.273
2020,2,Styrian Grand Prix,red_bull_ring,2020-07-12,max_verstappen,Max Verstappen,red_bull,2,1:18.297,1:17.938,1:20.489
2020,2,Styrian Grand Prix,red_bull_ring,2020-07-12,sainz,Carlos Sainz,mclaren,3,1:18.590,1:18.836,1:20.671
2020,2,Styrian Grand Prix,red_bull_ring,2020-07-12,bottas,Valtteri Bottas,mercedes,4,1:18.791,1:18.657,1:20.701
2020,2,Styrian Grand Prix,red_bull_ring,2020-07-12,ocon,Esteban Ocon,renault,5,1:19.687,1:18.764,1:20.922
2020,2,Styrian Grand Prix,red_bull_ring,2020-07-12,norris,Lando Norris,mclaren,6,1:18.504,1:18.448,1:20.925
2020,2,Styrian Grand Prix,red_bull_ring,2020-07-12,albon,Alexander Albon,red_bull,7,1:20.882,1:19.014,1:21.011
2020,2,Styrian Grand Prix,red_bull_ring,2020-07-12,gasly,Pierre Gasly,alphatauri,8,1:20.192,1:18.744,1:21.028
2020,2,Styrian Grand Prix,red_bull_ring,2020-07-12,ricciardo,Daniel Ricciardo,renault,9,1:19.662,1:19.229,1:21.192
2020,2,Styrian Grand Prix,red_bull_ring,2020-07-12,vettel,Sebastian Vettel,ferrari,10,1:20.243,1:19.545,1:21.651
2020,2,Styrian Grand Prix,red_bull_ring,2020-07-12,leclerc,Charles Leclerc,ferrari,11,1:20.871,1:19.628,
2020,2,Styrian Grand Prix,red_bull_ring,2020-07-12,russell,George Russell,williams,12,1:20.382,1:19.636,
2020,2,Styrian Grand Prix,red_bull_ring,2020-07-12,stroll,Lance Stroll,racing_point,13,1:19.697,1:19.645,
2020,2,Styrian Grand Prix,red_bull_ring,2020-07-12,kvyat,Daniil Kvyat,alphatauri,14,1:19.824,1:19.717,
2020,2,Styrian Grand Prix,red_bull_ring,2020-07-12,kevin_magnussen,Kevin Magnussen,haas,15,1:21.140,1:20.211,
2020,2,Styrian Grand Prix,red_bull_ring,2020-07-12,raikkonen,Kimi Räikkönen,alfa,16,1:21.140,,
2020,2,Styrian Grand Prix,red_bull_ring,2020-07-12,perez,Sergio Pérez,racing_point,17,1:21.607,,
2020,2,Styrian Grand Prix,red_bull_ring,2020-07-12,latifi,Nicholas Latifi,williams,18,1:21.759,,
2020,2,Styrian Grand Prix,red_bull_ring,2020-07-12,giovinazzi,Antonio Giovinazzi,alfa,19,1:21.831,,
2020,2,Styrian Grand Prix,red_bull_ring,2020-07-12,grosjean,Romain Grosjean,haas,20,,,
2020,3,Hungarian Grand Prix,hungaroring,2020-07-19,hamilton,Lewis Hamilton,mercedes,1,1:14.907,1:14.261,1:13.447
2020,3,Hungarian Grand Prix,hungaroring,2020-07-19,bottas,Valtteri Bottas,mercedes,2,1:15.474,1:14.530,1:13.554
2020,3,Hungarian Grand Prix,hungaroring,2020-07-19,stroll,Lance Stroll,racing_point,3,1:14.895,1:15.176,1:14.377
2020,3,Hungarian Grand Prix,hungaroring,2020-07-19,perez,Sergio Pérez,racing_point,4,1:14.681,1:15.394,1:14.545
2020,3,Hungarian Grand Prix,hungaroring,2020-07-19,vettel,Sebastian Vettel,ferrari,5,1:15.455,1:15.131,1:14.774
2020,3,Hungarian Grand Prix,hungaroring,2020-07-19,leclerc,Charles Leclerc,ferrari,6,1:15.793,1:15.006,1:14.817
2020,3,Hungarian Grand Prix,hungaroring,2020-07-19,max_verstappen,Max Verstappen,red_bull,7,1:15.495,1:14.976,1:14.849
2020,3,Hungarian Grand Prix,hungaroring,2020-07-19,norris,Lando Norris,mclaren,8,1:15.444,1:15.085,1:14.966
2020,3,Hungarian Grand Prix,hungaroring,2020-07-19,sainz,Carlos Sainz,mclaren,9,1:15.281,1:15.267,1:15.027
2020,3,Hungarian Grand Prix,hungaroring,2020-07-19,gasly,Pierre Gasly,alphatauri,10,1:15.767,1:15.508,
2020,3,Hungarian Grand Prix,hungaroring,2020-07-19,ricciardo,Daniel Ricciardo,renault,11,1:15.848,1:15.661,
2020,3,Hungarian Grand Prix,hungaroring,2020-07-19,russell,George Russell,williams,12,1:15.585,1:15.698,
2020,3,Hungarian Grand Prix,hungaroring,2020-07-19,albon,Alexander Albon,red_bull,13,1:15.722,1:15.715,
2020,3,Hungarian Grand Prix,hungaroring,2020-07-19,ocon,Esteban Ocon,renault,14,1:15.719,1:15.742,
2020,3,Hungarian Grand Prix,hungaroring,2020-07-19,latifi,Nicholas Latifi,williams,15,1:16.105,1:16.544,
2020,3,Hungarian Grand Prix,hungaroring,2020-07-19,kevin_magnussen,Kevin Magnussen,haas,16,1:16.152,,
2020,3,Hungarian Grand Prix,hungaroring,2020-07-19,kvyat,Daniil Kvyat,alphatauri,17,1:16.204,,
2020,3,Hungarian Grand Prix,hungaroring,2020-07-19,grosjean,Romain Grosjean,haas,18,1:16.407,,
2020,3,Hungarian Grand Prix,hungaroring,2020-07-19,giovinazzi,Antonio Giovinazzi,alfa,19,1:16.506,,
2020,3,Hungarian Grand Prix,hungaroring,2020-07-19,raikkonen,Kimi Räikkönen,alfa,20,1:16.614,,
2020,4,British Grand Prix,silverstone,2020-08-02,hamilton,Lewis Hamilton,mercedes,1,1:25.900,1:25.347,1:24.303
2020,4,British Grand Prix,silverstone,2020-08-02,bottas,Valtteri Bottas,mercedes,2,1:25.801,1:25.015,1:24.616
2020,4,British Grand Prix,silverstone,2020-08-02,max_verstappen,Max Verstappen,red_bull,3,1:26.115,1:26.144,1:25.325
2020,4,British Grand Prix,silverstone,2020-08-02,leclerc,Charles Leclerc,ferrari,4,1:26.550,1:26.203,1:25.427
2020,4,British Grand Prix,silverstone,2020-08-02,norris,Lando Norris,mclaren,5,1:26.855,1:26.420,1:25.782
2020,4,British Grand Prix,silverstone,2020-08-02,stroll,Lance Stroll,racing_point,6,1:26.243,1:26.501,1:25.839
2020,4,British Grand Prix,silverstone,2020-08-02,sainz,Carlos Sainz,mclaren,7,1:26.715,1:26.149,1:25.965
2020,4,British Grand Prix,silverstone,2020-08-02,ricciardo,Daniel Ricciardo,renault,8,1:26.677,1:26.339,1:26.009
2020,4,British Grand Prix,silverstone,2020-08-02,ocon,Esteban Ocon,renault,9,1:26.396,1:26.252,1:26.209
2020,4,British Grand Prix,silverstone,2020-08-02,vettel,Sebastian Vettel,ferrari,10,1:26.469,1:26.455,1:26.339
2020,4,British Grand Prix,silverstone,2020-08-02,gasly,Pierre Gasly,alphatauri,11,1:26.343,1:26.501,
2020,4,British Grand Prix,silverstone,2020-08-02,albon,Alexander Albon,red_bull,12,1:26.565,1:26.545,
2020,4,British Grand Prix,silverstone,2020-08-02,hulkenberg,Nico Hülkenberg,racing_point,13,1:26.327,1:26.566,
2020,4,British Grand Prix,silverstone,2020-08-02,kvyat,Daniil Kvyat,alphatauri,14,1:26.774,1:26.744,
2020,4,British Grand Prix,silverstone,2020-08-02,russell,George Russell,williams,15,1:26.732,1:27.092,
2020,4,British Grand Prix,silverstone,2020-08-02,kevin_magnussen,Kevin Magnussen,haas,16,1:27.158,,
2020,4,British Grand Prix,silverstone,2020-08-02,giovinazzi,Antonio Giovinazzi,alfa,17,1:27.164,,
2020,4,British Grand Prix,silverstone,2020-08-02,raikkonen,Kimi Räikkönen,alfa,18,1:27.366,,
2020,4,British Grand Prix,silverstone,2020-08-02,grosjean,Romain Grosjean,haas,19,1:27.643,,
2020,4,British Grand Prix,silverstone,2020-08-02,latifi,Nicholas Latifi,williams,20,1:27.705,,
2020,5,70th Anniversary Grand Prix,silverstone,2020-08-09,bottas,Valtteri Bottas,mercedes,1,1:26.738,1:25.785,1:25.154
2020,5,70th Anniversary Grand Prix,silverstone,2020-08-09,hamilton,Lewis Hamilton,mercedes,2,1:26.818,1:26.266,1:25.217
2020,5,70th Anniversary Grand Prix,silverstone,2020-08-09,hulkenberg,Nico Hülkenberg,racing_point,3,1:27.279,1:26.261,1:26.082
2020,5,70th Anniversary Grand Prix,silverstone,2020-08-09,max_verstappen,Max Verstappen,red_bull,4,1:27.154,1:26.779,1:26.176
2020,5,70th Anniversary Grand Prix,silverstone,2020-08-09,ricciardo,Daniel Ricciardo,renault,5,1:27.442,1:26.636,1:26.297
2020,5,70th Anniversary Grand Prix,silverstone,2020-08-09,stroll,Lance Stroll,racing_point,6,1:27.187,1:26.674,1:26.428
2020,5,70th Anniversary Grand Prix,silverstone,2020-08-09,gasly,Pierre Gasly,alphatauri,7,1:27.154,1:26.523,1:26.534
2020,5,70th Anniversary Grand Prix,silverstone,2020-08-09,leclerc,Charles Leclerc,ferrari,8,1:27.427,1:26.709,1:26.614
2020,5,70th Anniversary Grand Prix,silverstone,2020-08-09,albon,Alexander Albon,red_bull,9,1:27.153,1:26.642,1:26.669
2020,5,70th Anniversary Grand Prix,silverstone,2020-08-09,norris,Lando Norris,mclaren,10,1:27.217,1:26.885,1:26.778
2020,5,70th Anniversary Grand Prix,silverstone,2020-08-09,ocon,Esteban Ocon,renault,11,1:27.278,1:27.011,
2020,5,70th Anniversary Grand Prix,silverstone,2020-08-09,vettel,Sebastian Vettel,ferrari,12,1:27.612,1:27.078,
2020,5,70th Anniversary Grand Prix,silverstone,2020-08-09,sainz,Carlos Sainz,mclaren,13,1:27.450,1:27.083,
2020,5,70th Anniversary Grand Prix,silverstone,2020-08-09,grosjean,Romain Grosjean,haas,14,1:27.519,1:27.254,
2020,5,70th Anniversary Grand Prix,silverstone,2020-08-09,russell,George Russell,williams,15,1:27.757,1:27.455,
2020,5,70th Anniversary Grand Prix,silverstone,2020-08-09,kvyat,Daniil Kvyat,alphatauri,16,1:27.882,,
2020,5,70th Anniversary Grand Prix,silverstone,2020-08-09,kevin_magnussen,Kevin Magnussen,haas,17,1:28.236,,
2020,5,70th Anniversary Grand Prix,silverstone,2020-08-09,latifi,Nicholas Latifi,williams,18,1:28.430,,
2020,5,70th Anniversary Grand Prix,silverstone,2020-08-09,giovinazzi,Antonio Giovinazzi,alfa,19,1:28.433,,
2020,5,70th Anniversary Grand Prix,silverstone,2020-08-09,raikkonen,Kimi Räikkönen,alfa,20,1:28.493,,
2020,6,Spanish Grand Prix,catalunya,2020-08-16,hamilton,Lewis Hamilton,mercedes,1,1:16.872,1:16.013,1:15.584
2020,6,Spanish Grand Prix,catalunya,2020-08-16,bottas,Valtteri Bottas,mercedes,2,1:17.243,1:16.152,1:15.643
2020,6,Spanish Grand Prix,catalunya,2020-08-16,max_verstappen,Max Verstappen,red_bull,3,1:17.213,1:16.518,1:16.292
2020,6,Spanish Grand Prix,catalunya,2020-08-16,perez,Sergio Pérez,racing_point,4,1:17.117,1:16.936,1:16.482
2020,6,Spanish Grand Prix,catalunya,2020-08-16,stroll,Lance Stroll,racing_point,5,1:17.316,1:16.666,1:16.589
2020,6,Spanish Grand Prix,catalunya,2020-08-16,albon,Alexander Albon,red_bull,6,1:17.419,1:17.163,1:17.029
2020,6,Spanish Grand Prix,catalunya,2020-08-16,sainz,Carlos Sainz,mclaren,7,1:17.438,1:16.876,1:17.044
2020,6,Spanish Grand Prix,catalunya,2020-08-16,norris,Lando Norris,mclaren,8,1:17.577,1:17.166,1:17.084
2020,6,Spanish Grand Prix,catalunya,2020-08-16,leclerc,Charles Leclerc,ferrari,9,1:17.256,1:16.953,1:17.087
2020,6,Spanish Grand Prix,catalunya,2020-08-16,gasly,Pierre Gasly,alphatauri,10,1:17.356,1:16.800,1:17.136
2020,6,Spanish Grand Prix,catalunya,2020-08-16,vettel,Sebastian Vettel,ferrari,11,1:17.573,1:17.168,
2020,6,Spanish Grand Prix,catalunya,2020-08-16,kvyat,Daniil Kvyat,alphatauri,12,1:17.676,1:17.192,
2020,6,Spanish Grand Prix,catalunya,2020-08-16,ricciardo,Daniel Ricciardo,renault,13,1:17.667,1:17.198,
2020,6,Spanish Grand Prix,catalunya,2020-08-16,raikkonen,Kimi Räikkönen,alfa,14,1:17.797,1:17.386,
2020,6,Spanish Grand Prix,catalunya,2020-08-16,ocon,Esteban Ocon,renault,15,1:17.765,1:17.567,
2020,6,Spanish Grand Prix,catalunya,2020-08-16,kevin_magnussen,Kevin Magnussen,haas,16,1:17.908,,
2020,6,Spanish Grand Prix,catalunya,2020-08-16,grosjean,Romain Grosjean,haas,17,1:18.089,,
2020,6,Spanish Grand Prix,catalunya,2020-08-16,russell,George Russell,williams,18,1:18.099,,
2020,6,Spanish Grand Prix,catalunya,2020-08-16,latifi,Nicholas Latifi,williams,19,1:18.532,,
2020,6,Spanish Grand Prix,catalunya,2020-08-16,giovinazzi,Antonio Giovinazzi,alfa,20,1:18.697,,
2020,7,Belgian Grand Prix,spa,2020-08-30,hamilton,Lewis Hamilton,mercedes,1,1:42.323,1:42.014,1:41.252
2020,7,Belgian Grand Prix,spa,2020-08-30,bottas,Valtteri Bottas,mercedes,2,1:42.534,1:42.126,1:41.763
2020,7,Belgian Grand Prix,spa,2020-08-30,max_verstappen,Max Verstappen,red_bull,3,1:43.197,1:42.473,1:41.778
2020,7,Belgian Grand Prix,spa,2020-08-30,ricciardo,Daniel Ricciardo,renault,4,1:43.309,1:42.487,1:42.061
2020,7,Belgian Grand Prix,spa,2020-08-30,albon,Alexander Albon,red_bull,5,1:43.418,1:42.193,1:42.264
2020,7,Belgian Grand Prix,spa,2020-08-30,ocon,Esteban Ocon,renault,6,1:43.505,1:42.534,1:42.396
2020,7,Belgian Grand Prix,spa,2020-08-30,sainz,Carlos Sainz,mclaren,7,1:43.322,1:42.478,1:42.438
2020,7,Belgian Grand Prix,spa,2020-08-30,perez,Sergio Pérez,racing_point,8,1:43.349,1:42.670,1:42.532
2020,7,Belgian Grand Prix,spa,2020-08-30,stroll,Lance Stroll,racing_point,9,1:43.265,1:42.491,1:42.603
2020,7,Belgian Grand Prix,spa,2020-08-30,norris,Lando Norris,mclaren,10,1:43.514,1:42.722,1:42.657
2020,7,Belgian Grand Prix,spa,2020-08-30,kvyat,Daniil Kvyat,alphatauri,11,1:43.267,1:42.730,
2020,7,Belgian Grand Prix,spa,2020-08-30,gasly,Pierre Gasly,alphatauri,12,1:43.262,1:42.745,
2020,7,Belgian Grand Prix,spa,2020-08-30,leclerc,Charles Leclerc,ferrari,13,1:43.656,1:42.996,
2020,7,Belgian Grand Prix,spa,2020-08-30,vettel,Sebastian Vettel,ferrari,14,1:43.567,1:43.261,
2020,7,Belgian Grand Prix,spa,2020-08-30,russell,George Russell,williams,15,1:43.630,1:43.468,
2020,7,Belgian Grand Prix,spa,2020-08-30,raikkonen,Kimi Räikkönen,alfa,16,1:43.743,,
2020,7,Belgian Grand Prix,spa,2020-08-30,grosjean,Romain Grosjean,haas,17,1:43.838,,
2020,7,Belgian Grand Prix,spa,2020-08-30,giovinazzi,Antonio Giovinazzi,alfa,18,1:43.950,,
2020,7,Belgian Grand Prix,spa,2020-08-30,latifi,Nicholas Latifi,williams,19,1:44.138,,
2020,7,Belgian Grand Prix,spa,2020-08-30,kevin_magnussen,Kevin Magnussen,haas,20,1:44.314,,
2020,8,Italian Grand Prix,monza,2020-09-06,hamilton,Lewis Hamilton,mercedes,1,1:19.514,1:19.092,1:18.887
2020,8,Italian Grand Prix,monza,2020-09-06,bottas,Valtteri Bottas,mercedes,2,1:19.786,1:18.952,1:18.956
2020,8,Italian Grand Prix,monza,2020-09-06,sainz,Carlos Sainz,mclaren,3,1:20.099,1:19.705,1:19.695
2020,8,Italian Grand Prix,monza,2020-09-06,perez,Sergio Pérez,racing_point,4,1:20.048,1:19.718,1:19.720
2020,8,Italian Grand Prix,monza,2020-09-06,max_verstappen,Max Verstappen,red_bull,5,1:20.193,1:19.780,1:19.795
2020,8,Italian Grand Prix,monza,2020-09-06,norris,Lando Norris,mclaren,6,1:20.344,1:19.962,1:19.820
2020,8,Italian Grand Prix,monza,2020-09-06,ricciardo,Daniel Ricciardo,renault,7,1:20.548,1:20.031,1:19.864
2020,8,Italian Grand Prix,monza,2020-09-06,stroll,Lance Stroll,racing_point,8,1:20.400,1:19.924,1:20.049
2020,8,Italian Grand Prix,monza,2020-09-06,albon,Alexander Albon,red_bull,9,1:21.104,1:20.064,1:20.090
2020,8,Italian Grand Prix,monza,2020-09-06,gasly,Pierre Gasly,alphatauri,10,1:20.145,1:19.909,1:20.177
2020,8,Italian Grand Prix,monza,2020-09-06,kvyat,Daniil Kvyat,alphatauri,11,1:20.307,1:20.169,
2020,8,Italian Grand Prix,monza,2020-09-06,ocon,Esteban Ocon,renault,12,1:20.747,1:20.234,
2020,8,Italian Grand Prix,monza,2020-09-06,leclerc,Charles Leclerc,ferrari,13,1:20.443,1:20.273,
2020,8,Italian Grand Prix,monza,2020-09-06,raikkonen,Kimi Räikkönen,alfa,14,1:21.010,1:20.926,
2020,8,Italian Grand Prix,monza,2020-09-06,kevin_magnussen,Kevin Magnussen,haas,15,1:20.869,1:21.573,
2020,8,Italian Grand Prix,monza,2020-09-06,grosjean,Romain Grosjean,haas,16,1:21.139,,
2020,8,Italian Grand Prix,monza,2020-09-06,vettel,Sebastian Vettel,ferrari,17,1:21.151,,
2020,8,Italian Grand Prix,monza,2020-09-06,giovinazzi,Antonio Giovinazzi,alfa,18,1:21.206,,
2020,8,Italian Grand Prix,monza,2020-09-06,russell,George Russell,williams,19,1:21.587,,
2020,8,Italian Grand Prix,monza,2020-09-06,latifi,Nicholas Latifi,williams,20,1:21.717,,
2020,9,Tuscan Grand Prix,mugello,2020-09-13,hamilton,Lewis Hamilton,mercedes,1,1:15.778,1:15.309,1:15.144
2020,9,Tuscan Grand Prix,mugello,2020-09-13,bottas,Valtteri Bottas,mercedes,2,1:15.749,1:15.322,1:15.203
2020,9,Tuscan Grand Prix,mugello,2020-09-13,max_verstappen,Max Verstappen,red_bull,3,1:16.335,1:15.471,1:15.509
2020,9,Tuscan Grand Prix,mugello,2020-09-13,albon,Alexander Albon,red_bull,4,1:16.527,1:15.914,1:15.954
2020,9,Tuscan Grand Prix,mugello,2020-09-13,leclerc,Charles Leclerc,ferrari,5,1:16.698,1:16.324,1:16.270
2020,9,Tuscan Grand Prix,mugello,2020-09-13,perez,Sergio Pérez,racing_point,6,1:16.596,1:16.489,1:16.311
2020,9,Tuscan Grand Prix,mugello,2020-09-13,stroll,Lance Stroll,racing_point,7,1:16.701,1:16.271,1:16.356
2020,9,Tuscan Grand Prix,mugello,2020-09-13,ricciardo,Daniel Ricciardo,renault,8,1:16.981,1:16.243,1:16.543
2020,9,Tuscan Grand Prix,mugello,2020-09-13,sainz,Carlos Sainz,mclaren,9,1:16.993,1:16.522,1:17.870
2020,9,Tuscan Grand Prix,mugello,2020-09-13,ocon,Esteban Ocon,renault,10,1:16.825,1:16.297,
2020,9,Tuscan Grand Prix,mugello,2020-09-13,norris,Lando Norris,mclaren,11,1:16.895,1:16.640,
2020,9,Tuscan Grand Prix,mugello,2020-09-13,kvyat,Daniil Kvyat,alphatauri,12,1:16.928,1:16.854,
2020,9,Tuscan Grand Prix,mugello,2020-09-13,raikkonen,Kimi Räikkönen,alfa,13,1:17.059,1:16.854,
2020,9,Tuscan Grand Prix,mugello,2020-09-13,vettel,Sebastian Vettel,ferrari,14,1:17.072,1:16.858,
2020,9,Tuscan Grand Prix,mugello,2020-09-13,grosjean,Romain Grosjean,haas,15,1:17.069,1:17.254,
2020,9,Tuscan Grand Prix,mugello,2020-09-13,gasly,Pierre Gasly,alphatauri,16,1:17.125,,
2020,9,Tuscan Grand Prix,mugello,2020-09-13,giovinazzi,Antonio Giovinazzi,alfa,17,1:17.220,,
2020,9,Tuscan Grand Prix,mugello,2020-09-13,russell,George Russell,williams,18,1:17.232,,
2020,9,Tuscan Grand Prix,mugello,2020-09-13,latifi,Nicholas Latifi,williams,19,1:17.320,,
2020,9,Tuscan Grand Prix,mugello,2020-09-13,kevin_magnussen,Kevin Magnussen,haas,20,1:17.348,,
2020,10,Russian Grand Prix,sochi,2020-09-27,hamilton,Lewis Hamilton,mercedes,1,1:32.983,1:32.835,1:31.304
2020,10,Russian Grand Prix,sochi,2020-09-27,max_verstappen,Max Verstappen,red_bull,2,1:33.630,1:33.157,1:31.867
2020,10,Russian Grand Prix,sochi,2020-09-27,bottas,Valtteri Bottas,mercedes,3,1:32.656,1:32.405,1:31.956
2020,10,Russian Grand Prix,sochi,2020-09-27,perez,Sergio Pérez,racing_point,4,1:33.704,1:33.038,1:32.317
2020,10,Russian Grand Prix,sochi,2020-09-27,ricciardo,Daniel Ricciardo,renault,5,1:33.650,1:32.218,1:32.364
2020,10,Russian Grand Prix,sochi,2020-09-27,sainz,Carlos Sainz,mclaren,6,1:33.967,1:32.757,1:32.550
2020,10,Russian Grand Prix,sochi,2020-09-27,ocon,Esteban Ocon,renault,7,1:33.557,1:33.196,1:32.624
2020,10,Russian Grand Prix,sochi,2020-09-27,norris,Lando Norris,mclaren,8,1:33.804,1:33.081,1:32.847
2020,10,Russian Grand Prix,sochi,2020-09-27,gasly,Pierre Gasly,alphatauri,9,1:33.734,1:33.139,1:33.000
2020,10,Russian Grand Prix,sochi,2020-09-27,albon,Alexander Albon,red_bull,10,1:33.919,1:33.153,1:33.008
2020,10,Russian Grand Prix,sochi,2020-09-27,leclerc,Charles Leclerc,ferrari,11,1:34.071,1:33.239,
2020,10,Russian Grand Prix,sochi,2020-09-27,kvyat,Daniil Kvyat,alphatauri,12,1:33.511,1:33.249,
2020,10,Russian Grand Prix,sochi,2020-09-27,stroll,Lance Stroll,racing_point,13,1:33.852,1:33.364,
2020,10,Russian Grand Prix,sochi,2020-09-27,russell,George Russell,williams,14,1:34.020,1:33.583,
2020,10,Russian Grand Prix,sochi,2020-09-27,vettel,Sebastian Vettel,ferrari,15,1:34.134,1:33.609,
2020,10,Russian Grand Prix,sochi,2020-09-27,grosjean,Romain Grosjean,haas,16,1:34.592,,
2020,10,Russian Grand Prix,sochi,2020-09-27,giovinazzi,Antonio Giovinazzi,alfa,17,1:34.594,,
2020,10,Russian Grand Prix,sochi,2020-09-27,kevin_magnussen,Kevin Magnussen,haas,18,1:34.681,,
2020,10,Russian Grand Prix,sochi,2020-09-27,latifi,Nicholas Latifi,williams,19,1:35.066,,
2020,10,Russian Grand Prix,sochi,2020-09-27,raikkonen,Kimi Räikkönen,alfa,20,1:35.267,,
2020,11,Eifel Grand Prix,nurburgring,2020-10-11,bottas,Valtteri Bottas,mercedes,1,1:26.573,1:25.971,1:25.269
2020,11,Eifel Grand Prix,nurburgring,2020-10-11,hamilton,Lewis Hamilton,mercedes,2,1:26.620,1:25.390,1:25.525
2020,11,Eifel Grand Prix,nurburgring,2020-10-11,max_verstappen,Max Verstappen,red_bull,3,1:26.319,1:25.467,1:25.562
2020,11,Eifel Grand Prix,nurburgring,2020-10-11,leclerc,Charles Leclerc,ferrari,4,1:26.857,1:26.240,1:26.035
2020,11,Eifel Grand Prix,nurburgring,2020-10-11,albon,Alexander Albon,red_bull,5,1:27.126,1:26.285,1:26.047
2020,11,Eifel Grand Prix,nurburgring,2020-10-11,ricciardo,Daniel Ricciardo,renault,6,1:26.836,1:26.096,1:26.223
2020,11,Eifel Grand Prix,nurburgring,2020-10-11,ocon,Esteban Ocon,renault,7,1:27.086,1:26.364,1:26.242
2020,11,Eifel Grand Prix,nurburgring,2020-10-11,norris,Lando Norris,mclaren,8,1:26.829,1:26.316,1:26.458
2020,11,Eifel Grand Prix,nurburgring,2020-10-11,perez,Sergio Pérez,racing_point,9,1:27.120,1:26.330,1:26.704
2020,11,Eifel Grand Prix,nurburgring,2020-10-11,sainz,Carlos Sainz,mclaren,10,1:27.378,1:26.361,1:26.709
2020,11,Eifel Grand Prix,nurburgring,2020-10-11,vettel,Sebastian Vettel,ferrari,11,1:27.107,1:26.738,
2020,11,Eifel Grand Prix,nurburgring,2020-10-11,gasly,Pierre Gasly,alphatauri,12,1:27.072,1:26.776,
2020,11,Eifel Grand Prix,nurburgring,2020-10-11,kvyat,Daniil Kvyat,alphatauri,13,1:27.285,1:26.848,
2020,11,Eifel Grand Prix,nurburgring,2020-10-11,giovinazzi,Antonio Giovinazzi,alfa,14,1:27.532,1:26.936,
2020,11,Eifel Grand Prix,nurburgring,2020-10-11,kevin_magnussen,Kevin Magnussen,haas,15,1:27.231,1:27.125,
2020,11,Eifel Grand Prix,nurburgring,2020-10-11,grosjean,Romain Grosjean,haas,16,1:27.552,,
2020,11,Eifel Grand Prix,nurburgring,2020-10-11,russell,George Russell,williams,17,1:27.564,,
2020,11,Eifel Grand Prix,nurburgring,2020-10-11,latifi,Nicholas Latifi,williams,18,1:27.812,,
2020,11,Eifel Grand Prix,nurburgring,2020-10-11,raikkonen,Kimi Räikkönen,alfa,19,1:27.817,,
2020,11,Eifel Grand Prix,nurburgring,2020-10-11,hulkenberg,Nico Hülkenberg,racing_point,20,1:28.021,,
2020,12,Portuguese Grand Prix,portimao,2020-10-25,hamilton,Lewis Hamilton,mercedes,1,1:16.828,1:16.824,1:16.652
2020,12,Portuguese Grand Prix,portimao,2020-10-25,bottas,Valtteri Bottas,mercedes,2,1:16.945,1:16.466,1:16.754
2020,12,Portuguese Grand Prix,portimao,2020-10-25,max_verstappen,Max Verstappen,red_bull,3,1:16.879,1:17.038,1:16.904
2020,12,Portuguese Grand Prix,portimao,2020-10-25,leclerc,Charles Leclerc,ferrari,4,1:17.421,1:17.367,1:17.090
2020,12,Portuguese Grand Prix,portimao,2020-10-25,perez,Sergio Pérez,racing_point,5,1:17.370,1:17.129,1:17.223
2020,12,Portuguese Grand Prix,portimao,2020-10-25,albon,Alexander Albon,red_bull,6,1:17.435,1:17.411,1:17.437
2020,12,Portuguese Grand Prix,portimao,2020-10-25,sainz,Carlos Sainz,mclaren,7,1:17.627,1:17.183,1:17.520
2020,12,Portuguese Grand Prix,portimao,2020-10-25,norris,Lando Norris,mclaren,8,1:17.547,1:17.321,1:17.525
2020,12,Portuguese Grand Prix,portimao,2020-10-25,gasly,Pierre Gasly,alphatauri,9,1:17.209,1:17.367,1:17.803
2020,12,Portuguese Grand Prix,portimao,2020-10-25,ricciardo,Daniel Ricciardo,renault,10,1:17.621,1:17.481,
2020,12,Portuguese Grand Prix,portimao,2020-10-25,ocon,Esteban Ocon,renault,11,1:17.775,1:17.614,
2020,12,Portuguese Grand Prix,portimao,2020-10-25,stroll,Lance Stroll,racing_point,12,1:17.667,1:17.626,
2020,12,Portuguese Grand Prix,portimao,2020-10-25,kvyat,Daniil Kvyat,alphatauri,13,1:17.841,1:17.728,
2020,12,Portuguese Grand Prix,portimao,2020-10-25,russell,George Russell,williams,14,1:17.931,1:17.788,
2020,12,Portuguese Grand Prix,portimao,2020-10-25,vettel,Sebastian Vettel,ferrari,15,1:17.446,1:17.919,
2020,12,Portuguese Grand Prix,portimao,2020-10-25,raikkonen,Kimi Räikkönen,alfa,16,1:18.201,,
2020,12,Portuguese Grand Prix,portimao,2020-10-25,giovinazzi,Antonio Giovinazzi,alfa,17,1:18.323,,
2020,12,Portuguese Grand Prix,portimao,2020-10-25,grosjean,Romain Grosjean,haas,18,1:18.364,,
2020,12,Portuguese Grand Prix,portimao,2020-10-25,kevin_magnussen,Kevin Magnussen,haas,19,1:18.508,,
2020,12,Portuguese Grand Prix,portimao,2020-10-25,latifi,Nicholas Latifi,williams,20,1:18.777,,
2020,13,Emilia Romagna Grand Prix,imola,2020-11-01,bottas,Valtteri Bottas,mercedes,1,1:14.221,1:14.585,1:13.609
2020,13,Emilia Romagna Grand Prix,imola,2020-11-01,hamilton,Lewis Hamilton,mercedes,2,1:14.229,1:14.643,1:13.706
2020,13,Emilia Romagna Grand Prix,imola,2020-11-01,max_verstappen,Max Verstappen,red_bull,3,1:15.034,1:14.974,1:14.176
2020,13,Emilia Romagna Grand Prix,imola,2020-11-01,gasly,Pierre Gasly,alphatauri,4,1:15.183,1:14.681,1:14.502
2020,13,Emilia Romagna Grand Prix,imola,2020-11-01,ricciardo,Daniel Ricciardo,renault,5,1:15.474,1:14.953,1:14.520
2020,13,Emilia Romagna Grand Prix,imola,2020-11-01,albon,Alexander Albon,red_bull,6,1:15.402,1:14.745,1:14.572
2020,13,Emilia Romagna Grand Prix,imola,2020-11-01,leclerc,Charles Leclerc,ferrari,7,1:15.123,1:15.017,1:14.616
2020,13,Emilia Romagna Grand Prix,imola,2020-11-01,kvyat,Daniil Kvyat,alphatauri,8,1:15.412,1:15.022,1:14.696
2020,13,Emilia Romagna Grand Prix,imola,2020-11-01,norris,Lando Norris,mclaren,9,1:15.274,1:15.051,1:14.814
2020,13,Emilia Romagna Grand Prix,imola,2020-11-01,sainz,Carlos Sainz,mclaren,10,1:15.528,1:15.027,1:14.911
2020,13,Emilia Romagna Grand Prix,imola,2020-11-01,perez,Sergio Pérez,racing_point,11,1:15.407,1:15.061,
2020,13,Emilia Romagna Grand Prix,imola,2020-11-01,ocon,Esteban Ocon,renault,12,1:15.352,1:15.201,
2020,13,Emilia Romagna Grand Prix,imola,2020-11-01,russell,George Russell,williams,13,1:15.760,1:15.323,
2020,13,Emilia Romagna Grand Prix,imola,2020-11-01,vettel,Sebastian Vettel,ferrari,14,1:15.571,1:15.385,
2020,13,Emilia Romagna Grand Prix,imola,2020-11-01,stroll,Lance Stroll,racing_point,15,1:15.822,1:15.494,
2020,13,Emilia Romagna Grand Prix,imola,2020-11-01,grosjean,Romain Grosjean,haas,16,1:15.918,,
2020,13,Emilia Romagna Grand Prix,imola,2020-11-01,kevin_magnussen,Kevin Magnussen,haas,17,1:15.939,,
2020,13,Emilia Romagna Grand Prix,imola,2020-11-01,raikkonen,Kimi Räikkönen,alfa,18,1:15.953,,
2020,13,Emilia Romagna Grand Prix,imola,2020-11-01,latifi,Nicholas Latifi,williams,19,1:15.987,,
2020,13,Emilia Romagna Grand Prix,imola,2020-11-01,giovinazzi,Antonio Giovinazzi,alfa,20,1:16.208,,
2020,14,Turkish Grand Prix,istanbul,2020-11-15,stroll,Lance Stroll,racing_point,1,2:07.467,1:53.372,1:47.765
2020,14,Turkish Grand Prix,istanbul,2020-11-15,max_verstappen,Max Verstappen,red_bull,2,1:57.485,1:50.293,1:48.055
2020,14,Turkish Grand Prix,istanbul,2020-11-15,perez,Sergio Pérez,racing_point,3,2:07.614,1:54.097,1:49.321
2020,14,Turkish Grand Prix,istanbul,2020-11-15,albon,Alexander Albon,red_bull,4,1:59.431,1:52.282,1:50.448
2020,14,Turkish Grand Prix,istanbul,2020-11-15,ricciardo,Daniel Ricciardo,renault,5,2:05.598,1:54.278,1:51.595
2020,14,Turkish Grand Prix,istanbul,2020-11-15,hamilton,Lewis Hamilton,mercedes,6,2:07.599,1:52.709,1:52.560
2020,14,Turkish Grand Prix,istanbul,2020-11-15,ocon,Esteban Ocon,renault,7,2:06.115,1:53.657,1:52.622
2020,14,Turkish Grand Prix,istanbul,2020-11-15,raikkonen,Kimi Räikkönen,alfa,8,2:01.249,1:53.793,1:52.745
2020,14,Turkish Grand Prix,istanbul,2020-11-15,bottas,Valtteri Bottas,mercedes,9,2:07.001,1:53.767,1:53.258
2020,14,Turkish Grand Prix,istanbul,2020-11-15,giovinazzi,Antonio Giovinazzi,alfa,10,2:07.341,1:53.431,1:57.226
2020,14,Turkish Grand Prix,istanbul,2020-11-15,norris,Lando Norris,mclaren,11,2:07.167,1:54.945,
2020,14,Turkish Grand Prix,istanbul,2020-11-15,vettel,Sebastian Vettel,ferrari,12,2:03.356,1:55.169,
2020,14,Turkish Grand Prix,istanbul,2020-11-15,sainz,Carlos Sainz,mclaren,13,2:07.489,1:55.410,
2020,14,Turkish Grand Prix,istanbul,2020-11-15,leclerc,Charles Leclerc,ferrari,14,2:04.464,1:56.696,
2020,14,Turkish Grand Prix,istanbul,2020-11-15,gasly,Pierre Gasly,alphatauri,15,2:05.579,1:58.556,
2020,14,Turkish Grand Prix,istanbul,2020-11-15,kevin_magnussen,Kevin Magnussen,haas,16,2:08.007,,
2020,14,Turkish Grand Prix,istanbul,2020-11-15,kvyat,Daniil Kvyat,alphatauri,17,2:09.070,,
2020,14,Turkish Grand Prix,istanbul,2020-11-15,russell,George Russell,williams,18,2:10.017,,
2020,14,Turkish Grand Prix,istanbul,2020-11-15,grosjean,Romain Grosjean,haas,19,2:12.909,,
2020,14,Turkish Grand Prix,istanbul,2020-11-15,latifi,Nicholas Latifi,williams,20,2:21.611,,
2020,15,Bahrain Grand Prix,bahrain,2020-11-29,hamilton,Lewis Hamilton,mercedes,1,1:28.343,1:27.586,1:27.264
2020,15,Bahrain Grand Prix,bahrain,2020-11-29,bottas,Valtteri Bottas,mercedes,2,1:28.767,1:28.063,1:27.553
2020,15,Bahrain Grand Prix,bahrain,2020-11-29,max_verstappen,Max Verstappen,red_bull,3,1:28.885,1:28.025,1:27.678
2020,15,Bahrain Grand Prix,bahrain,2020-11-29,albon,Alexander Albon,red_bull,4,1:28.732,1:28.749,1:28.274
2020,15,Bahrain Grand Prix,bahrain,2020-11-29,perez,Sergio Pérez,racing_point,5,1:29.178,1:28.894,1:28.322
2020,15,Bahrain Grand Prix,bahrain,2020-11-29,ricciardo,Daniel Ricciardo,renault,6,1:29.005,1:28.648,1:28.417
2020,15,Bahrain Grand Prix,bahrain,2020-11-29,ocon,Esteban Ocon,renault,7,1:29.203,1:28.937,1:28.419
2020,15,Bahrain Grand Prix,bahrain,2020-11-29,gasly,Pierre Gasly,alphatauri,8,1:28.971,1:29.008,1:28.448
2020,15,Bahrain Grand Prix,bahrain,2020-11-29,norris,Lando Norris,mclaren,9,1:29.464,1:28.877,1:28.542
2020,15,Bahrain Grand Prix,bahrain,2020-11-29,kvyat,Daniil Kvyat,alphatauri,10,1:29.158,1:28.944,1:28.618
2020,15,Bahrain Grand Prix,bahrain,2020-11-29,vettel,Sebastian Vettel,ferrari,11,1:29.142,1:29.149,
2020,15,Bahrain Grand Prix,bahrain,2020-11-29,leclerc,Charles Leclerc,ferrari,12,1:29.137,1:29.165,
2020,15,Bahrain Grand Prix,bahrain,2020-11-29,stroll,Lance Stroll,racing_point,13,1:28.679,1:29.557,
2020,15,Bahrain Grand Prix,bahrain,2020-11-29,russell,George Russell,williams,14,1:29.294,1:31.218,
2020,15,Bahrain Grand Prix,bahrain,2020-11-29,sainz,Carlos Sainz,mclaren,15,1:28.975,,
2020,15,Bahrain Grand Prix,bahrain,2020-11-29,giovinazzi,Antonio Giovinazzi,alfa,16,1:29.491,,
2020,15,Bahrain Grand Prix,bahrain,2020-11-29,raikkonen,Kimi Räikkönen,alfa,17,1:29.810,,
2020,15,Bahrain Grand Prix,bahrain,2020-11-29,kevin_magnussen,Kevin Magnussen,haas,18,1:30.111,,
2020,15,Bahrain Grand Prix,bahrain,2020-11-29,grosjean,Romain Grosjean,haas,19,1:30.138,,
2020,15,Bahrain Grand Prix,bahrain,2020-11-29,latifi,Nicholas Latifi,williams,20,1:30.182,,
2020,16,Sakhir Grand Prix,bahrain,2020-12-06,bottas,Valtteri Bottas,mercedes,1,53.904,53.803,53.377
2020,16,Sakhir Grand Prix,bahrain,2020-12-06,russell,George Russell,mercedes,2,54.160,53.819,53.403
2020,16,Sakhir Grand Prix,bahrain,2020-12-06,max_verstappen,Max Verstappen,red_bull,3,54.037,53.647,53.433
2020,16,Sakhir Grand Prix,bahrain,2020-12-06,leclerc,Charles Leclerc,ferrari,4,54.249,53.825,53.613
2020,16,Sakhir Grand Prix,bahrain,2020-12-06,perez,Sergio Pérez,racing_point,5,54.236,53.787,53.790
2020,16,Sakhir Grand Prix,bahrain,2020-12-06,kvyat,Daniil Kvyat,alphatauri,6,54.346,53.856,53.906
2020,16,Sakhir Grand Prix,bahrain,2020-12-06,ricciardo,Daniel Ricciardo,renault,7,54.388,53.871,53.957
2020,16,Sakhir Grand Prix,bahrain,2020-12-06,sainz,Carlos Sainz,mclaren,8,54.450,53.818,54.010
2020,16,Sakhir Grand Prix,bahrain,2020-12-06,gasly,Pierre Gasly,alphatauri,9,54.207,53.941,54.154
2020,16,Sakhir Grand Prix,bahrain,2020-12-06,stroll,Lance Stroll,racing_point,10,54.595,53.840,54.200
2020,16,Sakhir Grand Prix,bahrain,2020-12-06,ocon,Esteban Ocon,renault,11,54.309,53.995,
2020,16,Sakhir Grand Prix,bahrain,2020-12-06,albon,Alexander Albon,red_bull,12,54.620,54.026,
2020,16,Sakhir Grand Prix,bahrain,2020-12-06,vettel,Sebastian Vettel,ferrari,13,54.301,54.175,
2020,16,Sakhir Grand Prix,bahrain,2020-12-06,giovinazzi,Antonio Giovinazzi,alfa,14,54.523,54.377,
2020,16,Sakhir Grand Prix,bahrain,2020-12-06,norris,Lando Norris,mclaren,15,54.194,54.693,
2020,16,Sakhir Grand Prix,bahrain,2020-12-06,kevin_magnussen,Kevin Magnussen,haas,16,54.705,,
2020,16,Sakhir Grand Prix,bahrain,2020-12-06,latifi,Nicholas Latifi,williams,17,54.796,,
2020,16,Sakhir Grand Prix,bahrain,2020-12-06,aitken,Jack Aitken,williams,18,54.892,,
2020,16,Sakhir Grand Prix,bahrain,2020-12-06,raikkonen,Kimi Räikkönen,alfa,19,54.963,,
2020,16,Sakhir Grand Prix,bahrain,2020-12-06,pietro_fittipaldi,Pietro Fittipaldi,haas,20,55.426,,
2020,17,Abu Dhabi Grand Prix,yas_marina,2020-12-13,max_verstappen,Max Verstappen,red_bull,1,1:35.993,1:35.641,1:35.246
2020,17,Abu Dhabi Grand Prix,yas_marina,2020-12-13,bottas,Valtteri Bottas,mercedes,2,1:35.699,1:35.527,1:35.271
2020,17,Abu Dhabi Grand Prix,yas_marina,2020-12-13,hamilton,Lewis Hamilton,mercedes,3,1:35.528,1:35.466,1:35.332
2020,17,Abu Dhabi Grand Prix,yas_marina,2020-12-13,norris,Lando Norris,mclaren,4,1:36.016,1:35.849,1:35.497
2020,17,Abu Dhabi Grand Prix,yas_marina,2020-12-13,albon,Alexander Albon,red_bull,5,1:36.106,1:35.654,1:35.571
2020,17,Abu Dhabi Grand Prix,yas_marina,2020-12-13,sainz,Carlos Sainz,mclaren,6,1:36.517,1:36.192,1:35.815
2020,17,Abu Dhabi Grand Prix,yas_marina,2020-12-13,kvyat,Daniil Kvyat,alphatauri,7,1:36.459,1:36.214,1:35.963
2020,17,Abu Dhabi Grand Prix,yas_marina,2020-12-13,stroll,Lance Stroll,racing_point,8,1:36.502,1:36.143,1:36.046
2020,17,Abu Dhabi Grand Prix,yas_marina,2020-12-13,leclerc,Charles Leclerc,ferrari,9,1:35.881,1:35.932,1:36.065
2020,17,Abu Dhabi Grand Prix,yas_marina,2020-12-13,gasly,Pierre Gasly,alphatauri,10,1:36.545,1:36.282,1:36.242
2020,17,Abu Dhabi Grand Prix,yas_marina,2020-12-13,ocon,Esteban Ocon,renault,11,1:36.783,1:36.359,
2020,17,Abu Dhabi Grand Prix,yas_marina,2020-12-13,ricciardo,Daniel Ricciardo,renault,12,1:36.704,1:36.406,
2020,17,Abu Dhabi Grand Prix,yas_marina,2020-12-13,vettel,Sebastian Vettel,ferrari,13,1:36.655,1:36.631,
2020,17,Abu Dhabi Grand Prix,yas_marina,2020-12-13,giovinazzi,Antonio Giovinazzi,alfa,14,1:37.075,1:38.248,
2020,17,Abu Dhabi Grand Prix,yas_marina,2020-12-13,perez,Sergio Pérez,racing_point,15,1:36.034,,
2020,17,Abu Dhabi Grand Prix,yas_marina,2020-12-13,raikkonen,Kimi Räikkönen,alfa,16,1:37.555,,
2020,17,Abu Dhabi Grand Prix,yas_marina,2020-12-13,kevin_magnussen,Kevin Magnussen,haas,17,1:37.863,,
2020,17,Abu Dhabi Grand Prix,yas_marina,2020-12-13,russell,George Russell,williams,18,1:38.045,,
2020,17,Abu Dhabi Grand Prix,yas_marina,2020-12-13,pietro_fittipaldi,Pietro Fittipaldi,haas,19,1:38.173,,
2020,17,Abu Dhabi Grand Prix,yas_marina,2020-12-13,latifi,Nicholas Latifi,williams,20,1:38.443,,
2021,1,Bahrain Grand Prix,bahrain,2021-03-28,max_verstappen,Max Verstappen,red_bull,1,1:30.499,1:30.318,1:28.997
2021,1,Bahrain Grand Prix,bahrain,2021-03-28,hamilton,Lewis Hamilton,mercedes,2,1:30.617,1:30.085,1:29.385
2021,1,Bahrain Grand Prix,bahrain,2021-03-28,bottas,Valtteri Bottas,mercedes,3,1:31.200,1:30.186,1:29.586
2021,1,Bahrain Grand Prix,bahrain,2021-03-28,leclerc,Charles Leclerc,ferrari,4,1:30.691,1:30.010,1:29.678
2021,1,Bahrain Grand Prix,bahrain,2021-03-28,gasly,Pierre Gasly,alphatauri,5,1:30.848,1:30.513,1:29.809
2021,1,Bahrain Grand Prix,bahrain,2021-03-28,ricciardo,Daniel Ricciardo,mclaren,6,1:30.795,1:30.222,1:29.927
2021,1,Bahrain Grand Prix,bahrain,2021-03-28,norris,Lando Norris,mclaren,7,1:30.902,1:30.099,1:29.974
2021,1,Bahrain Grand Prix,bahrain,2021-03-28,sainz,Carlos Sainz,ferrari,8,1:31.653,1:30.009,1:30.215
2021,1,Bahrain Grand Prix,bahrain,2021-03-28,alonso,Fernando Alonso,alpine,9,1:30.863,1:30.595,1:30.249
2021,1,Bahrain Grand Prix,bahrain,2021-03-28,stroll,Lance Stroll,aston_martin,10,1:31.261,1:30.624,1:30.601
2021,1,Bahrain Grand Prix,bahrain,2021-03-28,perez,Sergio Pérez,red_bull,11,1:31.165,1:30.659,
2021,1,Bahrain Grand Prix,bahrain,2021-03-28,giovinazzi,Antonio Giovinazzi,alfa,12,1:30.998,1:30.708,
2021,1,Bahrain Grand Prix,bahrain,2021-03-28,tsunoda,Yuki Tsunoda,alphatauri,13,1:30.607,1:31.203,
2021,1,Bahrain Grand Prix,bahrain,2021-03-28,raikkonen,Kimi Räikkönen,alfa,14,1:31.547,1:31.238,
2021,1,Bahrain Grand Prix,bahrain,2021-03-28,russell,George Russell,williams,15,1:31.316,1:33.430,
2021,1,Bahrain Grand Prix,bahrain,2021-03-28,ocon,Esteban Ocon,alpine,16,1:31.724,,
2021,1,Bahrain Grand Prix,bahrain,2021-03-28,latifi,Nicholas Latifi,williams,17,1:31.936,,
2021,1,Bahrain Grand Prix,bahrain,2021-03-28,vettel,Sebastian Vettel,aston_martin,18,1:32.056,,
2021,1,Bahrain Grand Prix,bahrain,2021-03-28,mick_schumacher,Mick Schumacher,haas,19,1:32.449,,
2021,1,Bahrain Grand Prix,bahrain,2021-03-28,mazepin,Nikita Mazepin,haas,20,1:33.273,,
2021,2,Emilia Romagna Grand Prix,imola,2021-04-18,hamilton,Lewis Hamilton,mercedes,1,1:14.823,1:14.817,1:14.411
2021,2,Emilia Romagna Grand Prix,imola,2021-04-18,perez,Sergio Pérez,red_bull,2,1:15.395,1:14.716,1:14.446
2021,2,Emilia Romagna Grand Prix,imola,2021-04-18,max_verstappen,Max Verstappen,red_bull,3,1:15.109,1:14.884,1:14.498
2021,2,Emilia Romagna Grand Prix,imola,2021-04-18,leclerc,Charles Leclerc,ferrari,4,1:15.413,1:14.808,1:14.740
2021,2,Emilia Romagna Grand Prix,imola,2021-04-18,gasly,Pierre Gasly,alphatauri,5,1:15.548,1:14.927,1:14.790
2021,2,Emilia Romagna Grand Prix,imola,2021-04-18,ricciardo,Daniel Ricciardo,mclaren,6,1:15.669,1:15.033,1:14.826
2021,2,Emilia Romagna Grand Prix,imola,2021-04-18,norris,Lando Norris,mclaren,7,1:15.009,1:14.718,1:14.875
2021,2,Emilia Romagna Grand Prix,imola,2021-04-18,bottas,Valtteri Bottas,mercedes,8,1:14.672,1:14.905,1:14.898
2021,2,Emilia Romagna Grand Prix,imola,2021-04-18,ocon,Esteban Ocon,alpine,9,1:15.385,1:15.117,1:15.210
2021,2,Emilia Romagna Grand Prix,imola,2021-04-18,stroll,Lance Stroll,aston_martin,10,1:15.522,1:15.138,
2021,2,Emilia Romagna Grand Prix,imola,2021-04-18,sainz,Carlos Sainz,ferrari,11,1:15.406,1:15.199,
2021,2,Emilia Romagna Grand Prix,imola,2021-04-18,russell,George Russell,williams,12,1:15.826,1:15.261,
2021,2,Emilia Romagna Grand Prix,imola,2021-04-18,vettel,Sebastian Vettel,aston_martin,13,1:15.459,1:15.394,
2021,2,Emilia Romagna Grand Prix,imola,2021-04-18,latifi,Nicholas Latifi,williams,14,1:15.653,1:15.593,
2021,2,Emilia Romagna Grand Prix,imola,2021-04-18,alonso,Fernando Alonso,alpine,15,1:15.832,1:15.593,
2021,2,Emilia Romagna Grand Prix,imola,2021-04-18,raikkonen,Kimi Räikkönen,alfa,16,1:15.974,,
2021,2,Emilia Romagna Grand Prix,imola,2021-04-18,giovinazzi,Antonio Giovinazzi,alfa,17,1:16.122,,
2021,2,Emilia Romagna Grand Prix,imola,2021-04-18,mick_schumacher,Mick Schumacher,haas,18,1:16.279,,
2021,2,Emilia Romagna Grand Prix,imola,2021-04-18,mazepin,Nikita Mazepin,haas,19,1:16.797,,
2021,2,Emilia Romagna Grand Prix,imola,2021-04-18,tsunoda,Yuki Tsunoda,alphatauri,20,,,
2021,3,Portuguese Grand Prix,portimao,2021-05-02,bottas,Valtteri Bottas,mercedes,1,1:18.722,1:18.458,1:18.348
2021,3,Portuguese Grand Prix,portimao,2021-05-02,hamilton,Lewis Hamilton,mercedes,2,1:18.857,1:17.968,1:18.355
2021,3,Portuguese Grand Prix,portimao,2021-05-02,max_verstappen,Max Verstappen,red_bull,3,1:19.485,1:18.650,1:18.746
2021,3,Portuguese Grand Prix,portimao,2021-05-02,perez,Sergio Pérez,red_bull,4,1:19.337,1:18.845,1:18.890
2021,3,Portuguese Grand Prix,portimao,2021-05-02,sainz,Carlos Sainz,ferrari,5,1:19.309,1:18.813,1:19.039
2021,3,Portuguese Grand Prix,portimao,2021-05-02,ocon,Esteban Ocon,alpine,6,1:19.092,1:18.586,1:19.042
2021,3,Portuguese Grand Prix,portimao,2021-05-02,norris,Lando Norris,mclaren,7,1:18.794,1:18.481,1:19.116
2021,3,Portuguese Grand Prix,portimao,2021-05-02,leclerc,Charles Leclerc,ferrari,8,1:19.373,1:18.769,1:19.306
2021,3,Portuguese Grand Prix,portimao,2021-05-02,gasly,Pierre Gasly,alphatauri,9,1:19.464,1:19.052,1:19.475
2021,3,Portuguese Grand Prix,portimao,2021-05-02,vettel,Sebastian Vettel,aston_martin,10,1:19.403,1:18.970,1:19.659
2021,3,Portuguese Grand Prix,portimao,2021-05-02,russell,George Russell,williams,11,1:19.797,1:19.109,
2021,3,Portuguese Grand Prix,portimao,2021-05-02,giovinazzi,Antonio Giovinazzi,alfa,12,1:19.410,1:19.216,
2021,3,Portuguese Grand Prix,portimao,2021-05-02,alonso,Fernando Alonso,alpine,13,1:19.728,1:19.456,
2021,3,Portuguese Grand Prix,portimao,2021-05-02,tsunoda,Yuki Tsunoda,alphatauri,14,1:19.684,1:19.463,
2021,3,Portuguese Grand Prix,portimao,2021-05-02,raikkonen,Kimi Räikkönen,alfa,15,1:19.748,1:19.812,
2021,3,Portuguese Grand Prix,portimao,2021-05-02,ricciardo,Daniel Ricciardo,mclaren,16,1:19.839,,
2021,3,Portuguese Grand Prix,portimao,2021-05-02,stroll,Lance Stroll,aston_martin,17,1:19.913,,
2021,3,Portuguese Grand Prix,portimao,2021-05-02,latifi,Nicholas Latifi,williams,18,1:20.285,,
2021,3,Portuguese Grand Prix,portimao,2021-05-02,mick_schumacher,Mick Schumacher,haas,19,1:20.452,,
2021,3,Portuguese Grand Prix,portimao,2021-05-02,mazepin,Nikita Mazepin,haas,20,1:20.912,,
2021,4,Spanish Grand Prix,catalunya,2021-05-09,hamilton,Lewis Hamilton,mercedes,1,1:18.245,1:17.166,1:16.741
2021,4,Spanish Grand Prix,catalunya,2021-05-09,max_verstappen,Max Verstappen,red_bull,2,1:18.090,1:16.922,1:16.777
2021,4,Spanish Grand Prix,catalunya,2021-05-09,bottas,Valtteri Bottas,mercedes,3,1:18.005,1:17.142,1:16.873
2021,4,Spanish Grand Prix,catalunya,2021-05-09,leclerc,Charles Leclerc,ferrari,4,1:18.041,1:17.717,1:17.510
2021,4,Spanish Grand Prix,catalunya,2021-05-09,ocon,Esteban Ocon,alpine,5,1:18.281,1:17.743,1:17.580
2021,4,Spanish Grand Prix,catalunya,2021-05-09,sainz,Carlos Sainz,ferrari,6,1:18.205,1:17.656,1:17.620
2021,4,Spanish Grand Prix,catalunya,2021-05-09,ricciardo,Daniel Ricciardo,mclaren,7,1:18.264,1:17.719,1:17.622
2021,4,Spanish Grand Prix,catalunya,2021-05-09,perez,Sergio Pérez,red_bull,8,1:18.203,1:17.669,1:17.701
2021,4,Spanish Grand Prix,catalunya,2021-05-09,norris,Lando Norris,mclaren,9,1:17.821,1:17.696,1:18.010
2021,4,Spanish Grand Prix,catalunya,2021-05-09,alonso,Fernando Alonso,alpine,10,1:18.281,1:17.966,1:18.147
2021,4,Spanish Grand Prix,catalunya,2021-05-09,stroll,Lance Stroll,aston_martin,11,1:18.241,1:17.974,
2021,4,Spanish Grand Prix,catalunya,2021-05-09,gasly,Pierre Gasly,alphatauri,12,1:18.190,1:17.982,
2021,4,Spanish Grand Prix,catalunya,2021-05-09,vettel,Sebastian Vettel,aston_martin,13,1:18.289,1:18.079,
2021,4,Spanish Grand Prix,catalunya,2021-05-09,giovinazzi,Antonio Giovinazzi,alfa,14,1:18.549,1:18.356,
2021,4,Spanish Grand Prix,catalunya,2021-05-09,russell,George Russell,williams,15,1:18.445,1:19.154,
2021,4,Spanish Grand Prix,catalunya,2021-05-09,tsunoda,Yuki Tsunoda,alphatauri,16,1:18.556,,
2021,4,Spanish Grand Prix,catalunya,2021-05-09,raikkonen,Kimi Räikkönen,alfa,17,1:18.917,,
2021,4,Spanish Grand Prix,catalunya,2021-05-09,mick_schumacher,Mick Schumacher,haas,18,1:19.117,,
2021,4,Spanish Grand Prix,catalunya,2021-05-09,latifi,Nicholas Latifi,williams,19,1:19.219,,
2021,4,Spanish Grand Prix,catalunya,2021-05-09,mazepin,Nikita Mazepin,haas,20,1:19.807,,
2021,5,Monaco Grand Prix,monaco,2021-05-23,leclerc,Charles Leclerc,ferrari,1,1:11.113,1:10.597,1:10.346
2021,5,Monaco Grand Prix,monaco,2021-05-23,max_verstappen,Max Verstappen,red_bull,2,1:11.124,1:10.650,1:10.576
2021,5,Monaco Grand Prix,monaco,2021-05-23,bottas,Valtteri Bottas,mercedes,3,1:10.938,1:10.695,1:10.601
2021,5,Monaco Grand Prix,monaco,2021-05-23,sainz,Carlos Sainz,ferrari,4,1:11.324,1:10.806,1:10.611
2021,5,Monaco Grand Prix,monaco,2021-05-23,norris,Lando Norris,mclaren,5,1:11.321,1:11.031,1:10.620
2021,5,Monaco Grand Prix,monaco,2021-05-23,gasly,Pierre Gasly,alphatauri,6,1:11.560,1:11.179,1:10.900
2021,5,Monaco Grand Prix,monaco,2021-05-23,hamilton,Lewis Hamilton,mercedes,7,1:11.622,1:11.116,1:11.095
2021,5,Monaco Grand Prix,monaco,2021-05-23,vettel,Sebastian Vettel,aston_martin,8,1:12.078,1:11.309,1:11.419
2021,5,Monaco Grand Prix,monaco,2021-05-23,perez,Sergio Pérez,red_bull,9,1:11.644,1:11.019,1:11.573
2021,5,Monaco Grand Prix,monaco,2021-05-23,giovinazzi,Antonio Giovinazzi,alfa,10,1:11.658,1:11.409,1:11.779
2021,5,Monaco Grand Prix,monaco,2021-05-23,ocon,Esteban Ocon,alpine,11,1:11.740,1:11.486,
2021,5,Monaco Grand Prix,monaco,2021-05-23,ricciardo,Daniel Ricciardo,mclaren,12,1:11.747,1:11.598,
2021,5,Monaco Grand Prix,monaco,2021-05-23,stroll,Lance Stroll,aston_martin,13,1:11.979,1:11.600,
2021,5,Monaco Grand Prix,monaco,2021-05-23,raikkonen,Kimi Räikkönen,alfa,14,1:11.899,1:11.642,
2021,5,Monaco Grand Prix,monaco,2021-05-23,russell,George Russell,williams,15,1:12.016,1:11.830,
2021,5,Monaco Grand Prix,monaco,2021-05-23,tsunoda,Yuki Tsunoda,alphatauri,16,1:12.096,,
2021,5,Monaco Grand Prix,monaco,2021-05-23,alonso,Fernando Alonso,alpine,17,1:12.205,,
2021,5,Monaco Grand Prix,monaco,2021-05-23,latifi,Nicholas Latifi,williams,18,1:12.366,,
2021,5,Monaco Grand Prix,monaco,2021-05-23,mazepin,Nikita Mazepin,haas,19,1:12.958,,
2021,6,Azerbaijan Grand Prix,baku,2021-06-06,leclerc,Charles Leclerc,ferrari,1,1:42.241,1:41.659,1:41.218
2021,6,Azerbaijan Grand Prix,baku,2021-06-06,hamilton,Lewis Hamilton,mercedes,2,1:41.545,1:41.634,1:41.450
2021,6,Azerbaijan Grand Prix,baku,2021-06-06,max_verstappen,Max Verstappen,red_bull,3,1:41.760,1:41.625,1:41.563
2021,6,Azerbaijan Grand Prix,baku,2021-06-06,gasly,Pierre Gasly,alphatauri,4,1:42.288,1:41.932,1:41.565
2021,6,Azerbaijan Grand Prix,baku,2021-06-06,sainz,Carlos Sainz,ferrari,5,1:42.121,1:41.740,1:41.576
2021,6,Azerbaijan Grand Prix,baku,2021-06-06,norris,Lando Norris,mclaren,6,1:42.167,1:41.813,1:41.747
2021,6,Azerbaijan Grand Prix,baku,2021-06-06,perez,Sergio Pérez,red_bull,7,1:41.968,1:41.630,1:41.917
2021,6,Azerbaijan Grand Prix,baku,2021-06-06,tsunoda,Yuki Tsunoda,alphatauri,8,1:42.521,1:41.654,1:42.211
2021,6,Azerbaijan Grand Prix,baku,2021-06-06,alonso,Fernando Alonso,alpine,9,1:42.934,1:42.195,1:42.327
2021,6,Azerbaijan Grand Prix,baku,2021-06-06,bottas,Valtteri Bottas,mercedes,10,1:42.701,1:42.106,1:42.659
2021,6,Azerbaijan Grand Prix,baku,2021-06-06,vettel,Sebastian Vettel,aston_martin,11,1:42.460,1:42.224,
2021,6,Azerbaijan Grand Prix,baku,2021-06-06,ocon,Esteban Ocon,alpine,12,1:42.426,1:42.273,
2021,6,Azerbaijan Grand Prix,baku,2021-06-06,ricciardo,Daniel Ricciardo,mclaren,13,1:42.304,1:42.558,
2021,6,Azerbaijan Grand Prix,baku,2021-06-06,raikkonen,Kimi Räikkönen,alfa,14,1:42.923,1:42.587,
2021,6,Azerbaijan Grand Prix,baku,2021-06-06,russell,George Russell,williams,15,1:42.728,1:42.758,
2021,6,Azerbaijan Grand Prix,baku,2021-06-06,latifi,Nicholas Latifi,williams,16,1:43.128,,
2021,6,Azerbaijan Grand Prix,baku,2021-06-06,mick_schumacher,Mick Schumacher,haas,17,1:44.158,,
2021,6,Azerbaijan Grand Prix,baku,2021-06-06,mazepin,Nikita Mazepin,haas,18,1:44.238,,
2021,6,Azerbaijan Grand Prix,baku,2021-06-06,stroll,Lance Stroll,aston_martin,19,,,
2021,6,Azerbaijan Grand Prix,baku,2021-06-06,giovinazzi,Antonio Giovinazzi,alfa,20,,,
2021,7,French Grand Prix,ricard,2021-06-20,max_verstappen,Max Verstappen,red_bull,1,1:31.001,1:31.080,1:29.990
2021,7,French Grand Prix,ricard,2021-06-20,hamilton,Lewis Hamilton,mercedes,2,1:31.237,1:30.788,1:30.248
2021,7,French Grand Prix,ricard,2021-06-20,bottas,Valtteri Bottas,mercedes,3,1:31.669,1:30.735,1:30.376
2021,7,French Grand Prix,ricard,2021-06-20,perez,Sergio Pérez,red_bull,4,1:31.560,1:30.971,1:30.445
2021,7,French Grand Prix,ricard,2021-06-20,sainz,Carlos Sainz,ferrari,5,1:32.079,1:31.146,1:30.840
2021,7,French Grand Prix,ricard,2021-06-20,gasly,Pierre Gasly,alphatauri,6,1:31.898,1:31.353,1:30.868
2021,7,French Grand Prix,ricard,2021-06-20,leclerc,Charles Leclerc,ferrari,7,1:32.209,1:31.567,1:30.987
2021,7,French Grand Prix,ricard,2021-06-20,norris,Lando Norris,mclaren,8,1:31.733,1:31.542,1:31.252
2021,7,French Grand Prix,ricard,2021-06-20,alonso,Fernando Alonso,alpine,9,1:32.158,1:31.549,1:31.340
2021,7,French Grand Prix,ricard,2021-06-20,ricciardo,Daniel Ricciardo,mclaren,10,1:32.181,1:31.615,1:31.382
2021,7,French Grand Prix,ricard,2021-06-20,ocon,Esteban Ocon,alpine,11,1:32.139,1:31.736,
2021,7,French Grand Prix,ricard,2021-06-20,vettel,Sebastian Vettel,aston_martin,12,1:32.132,1:31.767,
2021,7,French Grand Prix,ricard,2021-06-20,giovinazzi,Antonio Giovinazzi,alfa,13,1:32.722,1:31.813,
2021,7,French Grand Prix,ricard,2021-06-20,russell,George Russell,williams,14,1:33.060,1:32.065,
2021,7,French Grand Prix,ricard,2021-06-20,mick_schumacher,Mick Schumacher,haas,15,1:32.942,,
2021,7,French Grand Prix,ricard,2021-06-20,latifi,Nicholas Latifi,williams,16,1:33.062,,
2021,7,French Grand Prix,ricard,2021-06-20,raikkonen,Kimi Räikkönen,alfa,17,1:33.354,,
2021,7,French Grand Prix,ricard,2021-06-20,mazepin,Nikita Mazepin,haas,18,1:33.554,,
2021,7,French Grand Prix,ricard,2021-06-20,stroll,Lance Stroll,aston_martin,19,,,
2021,7,French Grand Prix,ricard,2021-06-20,tsunoda,Yuki Tsunoda,alphatauri,20,,,
2021,8,Styrian Grand Prix,red_bull_ring,2021-06-27,max_verstappen,Max Verstappen,red_bull,1,1:04.489,1:04.433,1:03.841
2021,8,Styrian Grand Prix,red_bull_ring,2021-06-27,bottas,Valtteri Bottas,mercedes,2,1:04.537,1:04.443,1:04.035
2021,8,Styrian Grand Prix,red_bull_ring,2021-06-27,hamilton,Lewis Hamilton,mercedes,3,1:04.672,1:04.512,1:04.067
2021,8,Styrian Grand Prix,red_bull_ring,2021-06-27,norris,Lando Norris,mclaren,4,1:04.584,1:04.298,1:04.120
2021,8,Styrian Grand Prix,red_bull_ring,2021-06-27,perez,Sergio Pérez,red_bull,5,1:04.638,1:04.197,1:04.168
2021,8,Styrian Grand Prix,red_bull_ring,2021-06-27,gasly,Pierre Gasly,alphatauri,6,1:04.765,1:04.429,1:04.236
2021,8,Styrian Grand Prix,red_bull_ring,2021-06-27,leclerc,Charles Leclerc,ferrari,7,1:04.745,1:04.646,1:04.472
2021,8,Styrian Grand Prix,red_bull_ring,2021-06-27,tsunoda,Yuki Tsunoda,alphatauri,8,1:04.608,1:04.631,1:04.514
2021,8,Styrian Grand Prix,red_bull_ring,2021-06-27,alonso,Fernando Alonso,alpine,9,1:04.971,1:04.582,1:04.574
2021,8,Styrian Grand Prix,red_bull_ring,2021-06-27,stroll,Lance Stroll,aston_martin,10,1:04.821,1:04.663,1:04.708
2021,8,Styrian Grand Prix,red_bull_ring,2021-06-27,russell,George Russell,williams,11,1:05.033,1:04.671,
2021,8,Styrian Grand Prix,red_bull_ring,2021-06-27,sainz,Carlos Sainz,ferrari,12,1:04.859,1:04.800,
2021,8,Styrian Grand Prix,red_bull_ring,2021-06-27,ricciardo,Daniel Ricciardo,mclaren,13,1:05.142,1:04.808,
2021,8,Styrian Grand Prix,red_bull_ring,2021-06-27,vettel,Sebastian Vettel,aston_martin,14,1:05.051,1:04.875,
2021,8,Styrian Grand Prix,red_bull_ring,2021-06-27,giovinazzi,Antonio Giovinazzi,alfa,15,1:05.092,1:04.913,
2021,8,Styrian Grand Prix,red_bull_ring,2021-06-27,latifi,Nicholas Latifi,williams,16,1:05.175,,
2021,8,Styrian Grand Prix,red_bull_ring,2021-06-27,ocon,Esteban Ocon,alpine,17,1:05.217,,
2021,8,Styrian Grand Prix,red_bull_ring,2021-06-27,raikkonen,Kimi Räikkönen,alfa,18,1:05.429,,
2021,8,Styrian Grand Prix,red_bull_ring,2021-06-27,mick_schumacher,Mick Schumacher,haas,19,1:06.041,,
2021,8,Styrian Grand Prix,red_bull_ring,2021-06-27,mazepin,Nikita Mazepin,haas,20,1:06.192,,
2021,9,Austrian Grand Prix,red_bull_ring,2021-07-04,max_verstappen,Max Verstappen,red_bull,1,1:04.249,1:03.927,1:03.720
2021,9,Austrian Grand Prix,red_bull_ring,2021-07-04,norris,Lando Norris,mclaren,2,1:04.345,1:04.415,1:03.768
2021,9,Austrian Grand Prix,red_bull_ring,2021-07-04,perez,Sergio Pérez,red_bull,3,1:04.833,1:04.483,1:03.990
2021,9,Austrian Grand Prix,red_bull_ring,2021-07-04,hamilton,Lewis Hamilton,mercedes,4,1:04.506,1:04.258,1:04.014
2021,9,Austrian Grand Prix,red_bull_ring,2021-07-04,bottas,Valtteri Bottas,mercedes,5,1:04.563,1:04.376,1:04.049
2021,9,Austrian Grand Prix,red_bull_ring,2021-07-04,gasly,Pierre Gasly,alphatauri,6,1:04.841,1:04.412,1:04.107
2021,9,Austrian Grand Prix,red_bull_ring,2021-07-04,tsunoda,Yuki Tsunoda,alphatauri,7,1:04.967,1:04.518,1:04.273
2021,9,Austrian Grand Prix,red_bull_ring,2021-07-04,vettel,Sebastian Vettel,aston_martin,8,1:04.846,1:04.493,1:04.570
2021,9,Austrian Grand Prix,red_bull_ring,2021-07-04,russell,George Russell,williams,9,1:04.907,1:04.553,1:04.591
2021,9,Austrian Grand Prix,red_bull_ring,2021-07-04,stroll,Lance Stroll,aston_martin,10,1:04.927,1:04.547,1:04.618
2021,9,Austrian Grand Prix,red_bull_ring,2021-07-04,sainz,Carlos Sainz,ferrari,11,1:04.596,1:04.559,
2021,9,Austrian Grand Prix,red_bull_ring,2021-07-04,leclerc,Charles Leclerc,ferrari,12,1:04.906,1:04.600,
2021,9,Austrian Grand Prix,red_bull_ring,2021-07-04,ricciardo,Daniel Ricciardo,mclaren,13,1:04.977,1:04.719,
2021,9,Austrian Grand Prix,red_bull_ring,2021-07-04,alonso,Fernando Alonso,alpine,14,1:04.472,1:04.856,
2021,9,Austrian Grand Prix,red_bull_ring,2021-07-04,giovinazzi,Antonio Giovinazzi,alfa,15,1:04.782,1:05.083,
2021,9,Austrian Grand Prix,red_bull_ring,2021-07-04,raikkonen,Kimi Räikkönen,alfa,16,1:05.009,,
2021,9,Austrian Grand Prix,red_bull_ring,2021-07-04,ocon,Esteban Ocon,alpine,17,1:05.051,,
2021,9,Austrian Grand Prix,red_bull_ring,2021-07-04,latifi,Nicholas Latifi,williams,18,1:05.195,,
2021,9,Austrian Grand Prix,red_bull_ring,2021-07-04,mick_schumacher,Mick Schumacher,haas,19,1:05.427,,
2021,9,Austrian Grand Prix,red_bull_ring,2021-07-04,mazepin,Nikita Mazepin,haas,20,1:05.951,,
2021,10,British Grand Prix,silverstone,2021-07-18,hamilton,Lewis Hamilton,mercedes,1,1:26.786,1:26.023,1:26.134
2021,10,British Grand Prix,silverstone,2021-07-18,max_verstappen,Max Verstappen,red_bull,2,1:26.751,1:26.315,1:26.209
2021,10,British Grand Prix,silverstone,2021-07-18,bottas,Valtteri Bottas,mercedes,3,1:27.487,1:26.764,1:26.328
2021,10,British Grand Prix,silverstone,2021-07-18,leclerc,Charles Leclerc,ferrari,4,1:27.051,1:26.919,1:26.828
2021,10,British Grand Prix,silverstone,2021-07-18,perez,Sergio Pérez,red_bull,5,1:27.121,1:27.073,1:26.844
2021,10,British Grand Prix,silverstone,2021-07-18,norris,Lando Norris,mclaren,6,1:27.444,1:27.220,1:26.897
2021,10,British Grand Prix,silverstone,2021-07-18,ricciardo,Daniel Ricciardo,mclaren,7,1:27.323,1:27.125,1:26.899
2021,10,British Grand Prix,silverstone,2021-07-18,russell,George Russell,williams,8,1:27.671,1:27.080,1:26.971
2021,10,British Grand Prix,silverstone,2021-07-18,sainz,Carlos Sainz,ferrari,9,1:27.337,1:26.848,1:27.007
2021,10,British Grand Prix,silverstone,2021-07-18,vettel,Sebastian Vettel,aston_martin,10,1:27.493,1:27.103,1:27.179
2021,10,British Grand Prix,silverstone,2021-07-18,alonso,Fernando Alonso,alpine,11,1:27.580,1:27.245,
2021,10,British Grand Prix,silverstone,2021-07-18,gasly,Pierre Gasly,alphatauri,12,1:27.600,1:27.273,
2021,10,British Grand Prix,silverstone,2021-07-18,ocon,Esteban Ocon,alpine,13,1:27.415,1:27.340,
2021,10,British Grand Prix,silverstone,2021-07-18,giovinazzi,Antonio Giovinazzi,alfa,14,1:27.595,1:27.617,
2021,10,British Grand Prix,silverstone,2021-07-18,stroll,Lance Stroll,aston_martin,15,1:28.017,1:27.665,
2021,10,British Grand Prix,silverstone,2021-07-18,tsunoda,Yuki Tsunoda,alphatauri,16,1:28.043,,
2021,10,British Grand Prix,silverstone,2021-07-18,raikkonen,Kimi Räikkönen,alfa,17,1:28.062,,
2021,10,British Grand Prix,silverstone,2021-07-18,latifi,Nicholas Latifi,williams,18,1:28.254,,
2021,10,British Grand Prix,silverstone,2021-07-18,mick_schumacher,Mick Schumacher,haas,19,1:28.738,,
2021,10,British Grand Prix,silverstone,2021-07-18,mazepin,Nikita Mazepin,haas,20,1:29.051,,
2021,11,Hungarian Grand Prix,hungaroring,2021-08-01,hamilton,Lewis Hamilton,mercedes,1,1:16.424,1:16.553,1:15.419
2021,11,Hungarian Grand Prix,hungaroring,2021-08-01,bottas,Valtteri Bottas,mercedes,2,1:16.569,1:16.702,1:15.734
2021,11,Hungarian Grand Prix,hungaroring,2021-08-01,max_verstappen,Max Verstappen,red_bull,3,1:16.214,1:15.650,1:15.840
2021,11,Hungarian Grand Prix,hungaroring,2021-08-01,perez,Sergio Pérez,red_bull,4,1:17.233,1:16.443,1:16.421
2021,11,Hungarian Grand Prix,hungaroring,2021-08-01,gasly,Pierre Gasly,alphatauri,5,1:16.874,1:16.394,1:16.483
2021,11,Hungarian Grand Prix,hungaroring,2021-08-01,norris,Lando Norris,mclaren,6,1:17.081,1:16.385,1:16.489
2021,11,Hungarian Grand Prix,hungaroring,2021-08-01,leclerc,Charles Leclerc,ferrari,7,1:17.084,1:16.574,1:16.496
2021,11,Hungarian Grand Prix,hungaroring,2021-08-01,ocon,Esteban Ocon,alpine,8,1:17.367,1:16.766,1:16.653
2021,11,Hungarian Grand Prix,hungaroring,2021-08-01,alonso,Fernando Alonso,alpine,9,1:17.123,1:16.541,1:16.715
2021,11,Hungarian Grand Prix,hungaroring,2021-08-01,vettel,Sebastian Vettel,aston_martin,10,1:17.105,1:16.794,1:16.750
2021,11,Hungarian Grand Prix,hungaroring,2021-08-01,ricciardo,Daniel Ricciardo,mclaren,11,1:17.664,1:16.871,
2021,11,Hungarian Grand Prix,hungaroring,2021-08-01,stroll,Lance Stroll,aston_martin,12,1:17.038,1:16.893,
2021,11,Hungarian Grand Prix,hungaroring,2021-08-01,raikkonen,Kimi Räikkönen,alfa,13,1:17.553,1:17.564,
2021,11,Hungarian Grand Prix,hungaroring,2021-08-01,giovinazzi,Antonio Giovinazzi,alfa,14,1:17.776,1:17.583,
2021,11,Hungarian Grand Prix,hungaroring,2021-08-01,sainz,Carlos Sainz,ferrari,15,1:16.649,,
2021,11,Hungarian Grand Prix,hungaroring,2021-08-01,tsunoda,Yuki Tsunoda,alphatauri,16,1:17.919,,
2021,11,Hungarian Grand Prix,hungaroring,2021-08-01,russell,George Russell,williams,17,1:17.944,,
2021,11,Hungarian Grand Prix,hungaroring,2021-08-01,latifi,Nicholas Latifi,williams,18,1:18.036,,
2021,11,Hungarian Grand Prix,hungaroring,2021-08-01,mazepin,Nikita Mazepin,haas,19,1:18.922,,
2021,11,Hungarian Grand Prix,hungaroring,2021-08-01,mick_schumacher,Mick Schumacher,haas,20,,,
2021,12,Belgian Grand Prix,spa,2021-08-29,max_verstappen,Max Verstappen,red_bull,1,1:58.717,1:56.559,1:59.765
2021,12,Belgian Grand Prix,spa,2021-08-29,russell,George Russell,williams,2,1:59.864,1:56.950,2:00.086
2021,12,Belgian Grand Prix,spa,2021-08-29,hamilton,Lewis Hamilton,mercedes,3,1:59.218,1:56.229,2:00.099
2021,12,Belgian Grand Prix,spa,2021-08-29,ricciardo,Daniel Ricciardo,mclaren,4,2:01.583,1:57.127,2:00.864
2021,12,Belgian Grand Prix,spa,2021-08-29,vettel,Sebastian Vettel,aston_martin,5,2:00.175,1:56.814,2:00.935
2021,12,Belgian Grand Prix,spa,2021-08-29,gasly,Pierre Gasly,alphatauri,6,2:00.387,1:56.440,2:01.164
2021,12,Belgian Grand Prix,spa,2021-08-29,perez,Sergio Pérez,red_bull,7,1:59.334,1:56.886,2:02.112
2021,12,Belgian Grand Prix,spa,2021-08-29,bottas,Valtteri Bottas,mercedes,8,1:59.870,1:56.295,2:02.502
2021,12,Belgian Grand Prix,spa,2021-08-29,ocon,Esteban Ocon,alpine,9,2:01.824,1:57.354,2:03.513
2021,12,Belgian Grand Prix,spa,2021-08-29,norris,Lando Norris,mclaren,10,1:58.301,1:56.025,
2021,12,Belgian Grand Prix,spa,2021-08-29,leclerc,Charles Leclerc,ferrari,11,2:00.728,1:57.721,
2021,12,Belgian Grand Prix,spa,2021-08-29,latifi,Nicholas Latifi,williams,12,2:00.966,1:58.056,
2021,12,Belgian Grand Prix,spa,2021-08-29,sainz,Carlos Sainz,ferrari,13,2:01.184,1:58.137,
2021,12,Belgian Grand Prix,spa,2021-08-29,alonso,Fernando Alonso,alpine,14,2:01.653,1:58.205,
2021,12,Belgian Grand Prix,spa,2021-08-29,stroll,Lance Stroll,aston_martin,15,2:01.597,1:58.231,
2021,12,Belgian Grand Prix,spa,2021-08-29,giovinazzi,Antonio Giovinazzi,alfa,16,2:02.306,,
2021,12,Belgian Grand Prix,spa,2021-08-29,tsunoda,Yuki Tsunoda,alphatauri,17,2:02.413,,
2021,12,Belgian Grand Prix,spa,2021-08-29,mick_schumacher,Mick Schumacher,haas,18,2:03.973,,
2021,12,Belgian Grand Prix,spa,2021-08-29,raikkonen,Kimi Räikkönen,alfa,19,2:04.452,,
2021,12,Belgian Grand Prix,spa,2021-08-29,mazepin,Nikita Mazepin,haas,20,2:04.939,,
2021,13,Dutch Grand Prix,zandvoort,2021-09-05,max_verstappen,Max Verstappen,red_bull,1,1:10.036,1:09.071,1:08.885
2021,13,Dutch Grand Prix,zandvoort,2021-09-05,hamilton,Lewis Hamilton,mercedes,2,1:10.114,1:09.726,1:08.923
2021,13,Dutch Grand Prix,zandvoort,2021-09-05,bottas,Valtteri Bottas,mercedes,3,1:10.219,1:09.769,1:09.222
2021,13,Dutch Grand Prix,zandvoort,2021-09-05,gasly,Pierre Gasly,alphatauri,4,1:10.274,1:09.541,1:09.478
2021,13,Dutch Grand Prix,zandvoort,2021-09-05,leclerc,Charles Leclerc,ferrari,5,1:09.829,1:09.437,1:09.527
2021,13,Dutch Grand Prix,zandvoort,2021-09-05,sainz,Carlos Sainz,ferrari,6,1:10.022,1:09.870,1:09.537
2021,13,Dutch Grand Prix,zandvoort,2021-09-05,giovinazzi,Antonio Giovinazzi,alfa,7,1:10.050,1:10.033,1:09.590
2021,13,Dutch Grand Prix,zandvoort,2021-09-05,ocon,Esteban Ocon,alpine,8,1:10.179,1:09.919,1:09.933
2021,13,Dutch Grand Prix,zandvoort,2021-09-05,alonso,Fernando Alonso,alpine,9,1:10.435,1:10.020,1:09.956
2021,13,Dutch Grand Prix,zandvoort,2021-09-05,ricciardo,Daniel Ricciardo,mclaren,10,1:10.255,1:09.865,1:10.166
2021,13,Dutch Grand Prix,zandvoort,2021-09-05,russell,George Russell,williams,11,1:10.382,1:10.332,
2021,13,Dutch Grand Prix,zandvoort,2021-09-05,stroll,Lance Stroll,aston_martin,12,1:10.438,1:10.367,
2021,13,Dutch Grand Prix,zandvoort,2021-09-05,norris,Lando Norris,mclaren,13,1:10.489,1:10.406,
2021,13,Dutch Grand Prix,zandvoort,2021-09-05,latifi,Nicholas Latifi,williams,14,1:10.093,1:11.161,
2021,13,Dutch Grand Prix,zandvoort,2021-09-05,tsunoda,Yuki Tsunoda,alphatauri,15,1:10.462,1:11.314,
2021,13,Dutch Grand Prix,zandvoort,2021-09-05,perez,Sergio Pérez,red_bull,16,1:10.530,,
2021,13,Dutch Grand Prix,zandvoort,2021-09-05,vettel,Sebastian Vettel,aston_martin,17,1:10.731,,
2021,13,Dutch Grand Prix,zandvoort,2021-09-05,kubica,Robert Kubica,alfa,18,1:11.301,,
2021,13,Dutch Grand Prix,zandvoort,2021-09-05,mick_schumacher,Mick Schumacher,haas,19,1:11.387,,
2021,13,Dutch Grand Prix,zandvoort,2021-09-05,mazepin,Nikita Mazepin,haas,20,1:11.875,,
2021,14,Italian Grand Prix,monza,2021-09-12,bottas,Valtteri Bottas,mercedes,1,1:20.685,1:20.032,1:19.555
2021,14,Italian Grand Prix,monza,2021-09-12,hamilton,Lewis Hamilton,mercedes,2,1:20.543,1:19.936,1:19.651
2021,14,Italian Grand Prix,monza,2021-09-12,max_verstappen,Max Verstappen,red_bull,3,1:21.035,1:20.229,1:19.966
2021,14,Italian Grand Prix,monza,2021-09-12,norris,Lando Norris,mclaren,4,1:20.916,1:20.059,1:19.989
2021,14,Italian Grand Prix,monza,2021-09-12,ricciardo,Daniel Ricciardo,mclaren,5,1:21.292,1:20.435,1:19.995
2021,14,Italian Grand Prix,monza,2021-09-12,gasly,Pierre Gasly,alphatauri,6,1:21.440,1:20.556,1:20.260
2021,14,Italian Grand Prix,monza,2021-09-12,sainz,Carlos Sainz,ferrari,7,1:21.118,1:20.750,1:20.462
2021,14,Italian Grand Prix,monza,2021-09-12,leclerc,Charles Leclerc,ferrari,8,1:21.219,1:20.767,1:20.510
2021,14,Italian Grand Prix,monza,2021-09-12,perez,Sergio Pérez,red_bull,9,1:21.308,1:20.882,1:20.611
2021,14,Italian Grand Prix,monza,2021-09-12,giovinazzi,Antonio Giovinazzi,alfa,10,1:21.197,1:20.726,1:20.808
2021,14,Italian Grand Prix,monza,2021-09-12,vettel,Sebastian Vettel,aston_martin,11,1:21.394,1:20.913,
2021,14,Italian Grand Prix,monza,2021-09-12,stroll,Lance Stroll,aston_martin,12,1:21.415,1:21.020,
2021,14,Italian Grand Prix,monza,2021-09-12,alonso,Fernando Alonso,alpine,13,1:21.487,1:21.069,
2021,14,Italian Grand Prix,monza,2021-09-12,ocon,Esteban Ocon,alpine,14,1:21.500,1:21.103,
2021,14,Italian Grand Prix,monza,2021-09-12,russell,George Russell,williams,15,1:21.890,1:21.392,
2021,14,Italian Grand Prix,monza,2021-09-12,latifi,Nicholas Latifi,williams,16,1:21.925,,
2021,14,Italian Grand Prix,monza,2021-09-12,tsunoda,Yuki Tsunoda,alphatauri,17,1:21.973,,
2021,14,Italian Grand Prix,monza,2021-09-12,mick_schumacher,Mick Schumacher,haas,18,1:22.248,,
2021,14,Italian Grand Prix,monza,2021-09-12,kubica,Robert Kubica,alfa,19,1:22.530,,
2021,14,Italian Grand Prix,monza,2021-09-12,mazepin,Nikita Mazepin,haas,20,1:22.716,,
2021,15,Russian Grand Prix,sochi,2021-09-26,norris,Lando Norris,mclaren,1,1:47.238,1:45.827,1:41.993
2021,15,Russian Grand Prix,sochi,2021-09-26,sainz,Carlos Sainz,ferrari,2,1:47.924,1:46.521,1:42.510
2021,15,Russian Grand Prix,sochi,2021-09-26,russell,George Russell,williams,3,1:48.303,1:46.435,1:42.983
2021,15,Russian Grand Prix,sochi,2021-09-26,hamilton,Lewis Hamilton,mercedes,4,1:45.992,1:45.129,1:44.050
2021,15,Russian Grand Prix,sochi,2021-09-26,ricciardo,Daniel Ricciardo,mclaren,5,1:48.345,1:46.361,1:44.156
2021,15,Russian Grand Prix,sochi,2021-09-26,alonso,Fernando Alonso,alpine,6,1:47.877,1:45.514,1:44.204
2021,15,Russian Grand Prix,sochi,2021-09-26,bottas,Valtteri Bottas,mercedes,7,1:46.396,1:45.306,1:44.710
2021,15,Russian Grand Prix,sochi,2021-09-26,stroll,Lance Stroll,aston_martin,8,1:48.322,1:46.360,1:44.956
2021,15,Russian Grand Prix,sochi,2021-09-26,perez,Sergio Pérez,red_bull,9,1:46.455,1:45.834,1:45.337
2021,15,Russian Grand Prix,sochi,2021-09-26,ocon,Esteban Ocon,alpine,10,1:48.099,1:46.070,1:45.865
2021,15,Russian Grand Prix,sochi,2021-09-26,vettel,Sebastian Vettel,aston_martin,11,1:47.205,1:46.573,
2021,15,Russian Grand Prix,sochi,2021-09-26,gasly,Pierre Gasly,alphatauri,12,1:47.828,1:46.641,
2021,15,Russian Grand Prix,sochi,2021-09-26,tsunoda,Yuki Tsunoda,alphatauri,13,1:48.854,1:46.751,
2021,15,Russian Grand Prix,sochi,2021-09-26,latifi,Nicholas Latifi,williams,14,1:48.252,,
2021,15,Russian Grand Prix,sochi,2021-09-26,leclerc,Charles Leclerc,ferrari,15,1:48.470,,
2021,15,Russian Grand Prix,sochi,2021-09-26,raikkonen,Kimi Räikkönen,alfa,16,1:49.586,,
2021,15,Russian Grand Prix,sochi,2021-09-26,mick_schumacher,Mick Schumacher,haas,17,1:49.830,,
2021,15,Russian Grand Prix,sochi,2021-09-26,giovinazzi,Antonio Giovinazzi,alfa,18,1:51.023,,
2021,15,Russian Grand Prix,sochi,2021-09-26,mazepin,Nikita Mazepin,haas,19,1:53.764,,
2021,15,Russian Grand Prix,sochi,2021-09-26,max_verstappen,Max Verstappen,red_bull,20,,,
2021,16,Turkish Grand Prix,istanbul,2021-10-10,hamilton,Lewis Hamilton,mercedes,1,1:24.585,1:23.082,1:22.868
2021,16,Turkish Grand Prix,istanbul,2021-10-10,bottas,Valtteri Bottas,mercedes,2,1:25.047,1:23.579,1:22.998
2021,16,Turkish Grand Prix,istanbul,2021-10-10,max_verstappen,Max Verstappen,red_bull,3,1:24.592,1:23.732,1:23.196
2021,16,Turkish Grand Prix,istanbul,2021-10-10,leclerc,Charles Leclerc,ferrari,4,1:24.869,1:24.015,1:23.265
2021,16,Turkish Grand Prix,istanbul,2021-10-10,gasly,Pierre Gasly,alphatauri,5,1:24.704,1:23.817,1:23.326
2021,16,Turkish Grand Prix,istanbul,2021-10-10,alonso,Fernando Alonso,alpine,6,1:25.174,1:23.914,1:23.477
2021,16,Turkish Grand Prix,istanbul,2021-10-10,perez,Sergio Pérez,red_bull,7,1:24.963,1:23.961,1:23.706
2021,16,Turkish Grand Prix,istanbul,2021-10-10,norris,Lando Norris,mclaren,8,1:25.138,1:24.642,1:23.954
2021,16,Turkish Grand Prix,istanbul,2021-10-10,stroll,Lance Stroll,aston_martin,9,1:25.511,1:24.601,1:24.305
2021,16,Turkish Grand Prix,istanbul,2021-10-10,tsunoda,Yuki Tsunoda,alphatauri,10,1:25.409,1:24.054,1:24.368
2021,16,Turkish Grand Prix,istanbul,2021-10-10,vettel,Sebastian Vettel,aston_martin,11,1:25.787,1:24.795,
2021,16,Turkish Grand Prix,istanbul,2021-10-10,ocon,Esteban Ocon,alpine,12,1:25.422,1:24.842,
2021,16,Turkish Grand Prix,istanbul,2021-10-10,russell,George Russell,williams,13,1:25.417,1:25.007,
2021,16,Turkish Grand Prix,istanbul,2021-10-10,mick_schumacher,Mick Schumacher,haas,14,1:25.555,1:25.200,
2021,16,Turkish Grand Prix,istanbul,2021-10-10,sainz,Carlos Sainz,ferrari,15,1:25.177,,
2021,16,Turkish Grand Prix,istanbul,2021-10-10,ricciardo,Daniel Ricciardo,mclaren,16,1:25.881,,
2021,16,Turkish Grand Prix,istanbul,2021-10-10,latifi,Nicholas Latifi,williams,17,1:26.086,,
2021,16,Turkish Grand Prix,istanbul,2021-10-10,giovinazzi,Antonio Giovinazzi,alfa,18,1:26.430,,
2021,16,Turkish Grand Prix,istanbul,2021-10-10,raikkonen,Kimi Räikkönen,alfa,19,1:27.525,,
2021,16,Turkish Grand Prix,istanbul,2021-10-10,mazepin,Nikita Mazepin,haas,20,1:28.449,,
2021,17,United States Grand Prix,americas,2021-10-24,max_verstappen,Max Verstappen,red_bull,1,1:34.352,1:33.464,1:32.910
2021,17,United States Grand Prix,americas,2021-10-24,hamilton,Lewis Hamilton,mercedes,2,1:34.579,1:33.797,1:33.119
2021,17,United States Grand Prix,americas,2021-10-24,perez,Sergio Pérez,red_bull,3,1:34.369,1:34.178,1:33.134
2021,17,United States Grand Prix,americas,2021-10-24,bottas,Valtteri Bottas,mercedes,4,1:34.590,1:33.959,1:33.475
2021,17,United States Grand Prix,americas,2021-10-24,leclerc,Charles Leclerc,ferrari,5,1:34.153,1:33.928,1:33.606
2021,17,United States Grand Prix,americas,2021-10-24,sainz,Carlos Sainz,ferrari,6,1:34.558,1:34.126,1:33.792
2021,17,United States Grand Prix,americas,2021-10-24,ricciardo,Daniel Ricciardo,mclaren,7,1:34.407,1:34.643,1:33.808
2021,17,United States Grand Prix,americas,2021-10-24,norris,Lando Norris,mclaren,8,1:34.551,1:33.880,1:33.887
2021,17,United States Grand Prix,americas,2021-10-24,gasly,Pierre Gasly,alphatauri,9,1:34.567,1:34.583,1:34.118
2021,17,United States Grand Prix,americas,2021-10-24,tsunoda,Yuki Tsunoda,alphatauri,10,1:35.360,1:35.137,1:34.918
2021,17,United States Grand Prix,americas,2021-10-24,ocon,Esteban Ocon,alpine,11,1:35.747,1:35.377,
2021,17,United States Grand Prix,americas,2021-10-24,vettel,Sebastian Vettel,aston_martin,12,1:35.281,1:35.500,
2021,17,United States Grand Prix,americas,2021-10-24,giovinazzi,Antonio Giovinazzi,alfa,13,1:35.920,1:35.794,
2021,17,United States Grand Prix,americas,2021-10-24,alonso,Fernando Alonso,alpine,14,1:35.756,1:44.549,
2021,17,United States Grand Prix,americas,2021-10-24,russell,George Russell,williams,15,1:35.746,,
2021,17,United States Grand Prix,americas,2021-10-24,stroll,Lance Stroll,aston_martin,16,1:35.983,,
2021,17,United States Grand Prix,americas,2021-10-24,latifi,Nicholas Latifi,williams,17,1:35.995,,
2021,17,United States Grand Prix,americas,2021-10-24,raikkonen,Kimi Räikkönen,alfa,18,1:36.311,,
2021,17,United States Grand Prix,americas,2021-10-24,mick_schumacher,Mick Schumacher,haas,19,1:36.499,,
2021,17,United States Grand Prix,americas,2021-10-24,mazepin,Nikita Mazepin,haas,20,1:36.796,,
2021,18,Mexico City Grand Prix,rodriguez,2021-11-07,bottas,Valtteri Bottas,mercedes,1,1:16.727,1:16.864,1:15.875
2021,18,Mexico City Grand Prix,rodriguez,2021-11-07,hamilton,Lewis Hamilton,mercedes,2,1:17.207,1:16.474,1:16.020
2021,18,Mexico City Grand Prix,rodriguez,2021-11-07,max_verstappen,Max Verstappen,red_bull,3,1:16.788,1:16.483,1:16.225
2021,18,Mexico City Grand Prix,rodriguez,2021-11-07,perez,Sergio Pérez,red_bull,4,1:17.003,1:17.055,1:16.342
2021,18,Mexico City Grand Prix,rodriguez,2021-11-07,gasly,Pierre Gasly,alphatauri,5,1:16.908,1:16.955,1:16.456
2021,18,Mexico City Grand Prix,rodriguez,2021-11-07,sainz,Carlos Sainz,ferrari,6,1:17.517,1:17.248,1:16.761
2021,18,Mexico City Grand Prix,rodriguez,2021-11-07,ricciardo,Daniel Ricciardo,mclaren,7,1:17.719,1:17.092,1:16.763
2021,18,Mexico City Grand Prix,rodriguez,2021-11-07,leclerc,Charles Leclerc,ferrari,8,1:16.748,1:17.034,1:16.837
2021,18,Mexico City Grand Prix,rodriguez,2021-11-07,tsunoda,Yuki Tsunoda,alphatauri,9,1:17.330,1:16.701,1:17.158
2021,18,Mexico City Grand Prix,rodriguez,2021-11-07,norris,Lando Norris,mclaren,10,1:17.569,1:17.473,1:36.830
2021,18,Mexico City Grand Prix,rodriguez,2021-11-07,vettel,Sebastian Vettel,aston_martin,11,1:17.502,1:17.746,
2021,18,Mexico City Grand Prix,rodriguez,2021-11-07,raikkonen,Kimi Räikkönen,alfa,12,1:17.606,1:17.958,
2021,18,Mexico City Grand Prix,rodriguez,2021-11-07,russell,George Russell,williams,13,1:17.958,1:18.172,
2021,18,Mexico City Grand Prix,rodriguez,2021-11-07,giovinazzi,Antonio Giovinazzi,alfa,14,1:17.897,1:18.290,
2021,18,Mexico City Grand Prix,rodriguez,2021-11-07,ocon,Esteban Ocon,alpine,15,1:18.126,1:18.405,
2021,18,Mexico City Grand Prix,rodriguez,2021-11-07,alonso,Fernando Alonso,alpine,16,1:18.452,,
2021,18,Mexico City Grand Prix,rodriguez,2021-11-07,latifi,Nicholas Latifi,williams,17,1:18.756,,
2021,18,Mexico City Grand Prix,rodriguez,2021-11-07,mick_schumacher,Mick Schumacher,haas,18,1:18.858,,
2021,18,Mexico City Grand Prix,rodriguez,2021-11-07,mazepin,Nikita Mazepin,haas,19,1:19.303,,
2021,18,Mexico City Grand Prix,rodriguez,2021-11-07,stroll,Lance Stroll,aston_martin,20,1:20.873,,
2021,19,São Paulo Grand Prix,interlagos,2021-11-14,hamilton,Lewis Hamilton,mercedes,1,1:08.733,1:08.068,1:07.934
2021,19,São Paulo Grand Prix,interlagos,2021-11-14,max_verstappen,Max Verstappen,red_bull,2,1:09.329,1:08.499,1:08.372
2021,19,São Paulo Grand Prix,interlagos,2021-11-14,bottas,Valtteri Bottas,mercedes,3,1:09.040,1:08.426,1:08.469
2021,19,São Paulo Grand Prix,interlagos,2021-11-14,perez,Sergio Pérez,red_bull,4,1:09.172,1:08.973,1:08.483
2021,19,São Paulo Grand Prix,interlagos,2021-11-14,gasly,Pierre Gasly,alphatauri,5,1:09.347,1:08.903,1:08.777
2021,19,São Paulo Grand Prix,interlagos,2021-11-14,sainz,Carlos Sainz,ferrari,6,1:09.046,1:09.031,1:08.826
2021,19,São Paulo Grand Prix,interlagos,2021-11-14,leclerc,Charles Leclerc,ferrari,7,1:09.155,1:08.859,1:08.960
2021,19,São Paulo Grand Prix,interlagos,2021-11-14,norris,Lando Norris,mclaren,8,1:09.365,1:09.030,1:08.980
2021,19,São Paulo Grand Prix,interlagos,2021-11-14,ricciardo,Daniel Ricciardo,mclaren,9,1:09.374,1:09.093,1:09.039
2021,19,São Paulo Grand Prix,interlagos,2021-11-14,alonso,Fernando Alonso,alpine,10,1:09.391,1:09.137,1:09.113
2021,19,São Paulo Grand Prix,interlagos,2021-11-14,ocon,Esteban Ocon,alpine,11,1:09.430,1:09.189,
2021,19,São Paulo Grand Prix,interlagos,2021-11-14,vettel,Sebastian Vettel,aston_martin,12,1:09.451,1:09.399,
2021,19,São Paulo Grand Prix,interlagos,2021-11-14,tsunoda,Yuki Tsunoda,alphatauri,13,1:09.350,1:09.483,
2021,19,São Paulo Grand Prix,interlagos,2021-11-14,raikkonen,Kimi Räikkönen,alfa,14,1:09.598,1:09.503,
2021,19,São Paulo Grand Prix,interlagos,2021-11-14,giovinazzi,Antonio Giovinazzi,alfa,15,1:09.342,1:10.227,
2021,19,São Paulo Grand Prix,interlagos,2021-11-14,stroll,Lance Stroll,aston_martin,16,1:09.663,,
2021,19,São Paulo Grand Prix,interlagos,2021-11-14,latifi,Nicholas Latifi,williams,17,1:09.897,,
2021,19,São Paulo Grand Prix,interlagos,2021-11-14,russell,George Russell,williams,18,1:09.953,,
2021,19,São Paulo Grand Prix,interlagos,2021-11-14,mick_schumacher,Mick Schumacher,haas,19,1:10.329,,
2021,19,São Paulo Grand Prix,interlagos,2021-11-14,mazepin,Nikita Mazepin,haas,20,1:10.589,,
2021,20,Qatar Grand Prix,losail,2021-11-21,hamilton,Lewis Hamilton,mercedes,1,1:21.901,1:21.682,1:20.827
2021,20,Qatar Grand Prix,losail,2021-11-21,max_verstappen,Max Verstappen,red_bull,2,1:21.996,1:21.984,1:21.282
2021,20,Qatar Grand Prix,losail,2021-11-21,bottas,Valtteri Bottas,mercedes,3,1:22.016,1:21.991,1:21.478
2021,20,Qatar Grand Prix,losail,2021-11-21,gasly,Pierre Gasly,alphatauri,4,1:22.535,1:21.728,1:21.640
2021,20,Qatar Grand Prix,losail,2021-11-21,alonso,Fernando Alonso,alpine,5,1:22.422,1:21.894,1:21.670
2021,20,Qatar Grand Prix,losail,2021-11-21,norris,Lando Norris,mclaren,6,1:22.839,1:22.216,1:21.731
2021,20,Qatar Grand Prix,losail,2021-11-21,sainz,Carlos Sainz,ferrari,7,1:22.304,1:22.241,1:21.840
2021,20,Qatar Grand Prix,losail,2021-11-21,tsunoda,Yuki Tsunoda,alphatauri,8,1:22.458,1:22.058,1:21.881
2021,20,Qatar Grand Prix,losail,2021-11-21,ocon,Esteban Ocon,alpine,9,1:22.565,1:22.012,1:22.028
2021,20,Qatar Grand Prix,losail,2021-11-21,vettel,Sebastian Vettel,aston_martin,10,1:22.549,1:22.146,1:22.785
2021,20,Qatar Grand Prix,losail,2021-11-21,perez,Sergio Pérez,red_bull,11,1:22.398,1:22.346,
2021,20,Qatar Grand Prix,losail,2021-11-21,stroll,Lance Stroll,aston_martin,12,1:22.551,1:22.460,
2021,20,Qatar Grand Prix,losail,2021-11-21,leclerc,Charles Leclerc,ferrari,13,1:22.742,1:22.463,
2021,20,Qatar Grand Prix,losail,2021-11-21,ricciardo,Daniel Ricciardo,mclaren,14,1:22.688,1:22.597,
2021,20,Qatar Grand Prix,losail,2021-11-21,russell,George Russell,williams,15,1:22.863,1:22.756,
2021,20,Qatar Grand Prix,losail,2021-11-21,raikkonen,Kimi Räikkönen,alfa,16,1:23.156,,
2021,20,Qatar Grand Prix,losail,2021-11-21,latifi,Nicholas Latifi,williams,17,1:23.213,,
2021,20,Qatar Grand Prix,losail,2021-11-21,giovinazzi,Antonio Giovinazzi,alfa,18,1:23.262,,
2021,20,Qatar Grand Prix,losail,2021-11-21,mick_schumacher,Mick Schumacher,haas,19,1:23.407,,
2021,20,Qatar Grand Prix,losail,2021-11-21,mazepin,Nikita Mazepin,haas,20,1:25.859,,
2021,21,Saudi Arabian Grand Prix,jeddah,2021-12-05,hamilton,Lewis Hamilton,mercedes,1,1:28.466,1:27.712,1:27.511
2021,21,Saudi Arabian Grand Prix,jeddah,2021-12-05,bottas,Valtteri Bottas,mercedes,2,1:28.057,1:28.054,1:27.622
2021,21,Saudi Arabian Grand Prix,jeddah,2021-12-05,max_verstappen,Max Verstappen,red_bull,3,1:28.285,1:27.953,1:27.653
2021,21,Saudi Arabian Grand Prix,jeddah,2021-12-05,leclerc,Charles Leclerc,ferrari,4,1:28.310,1:28.459,1:28.054
2021,21,Saudi Arabian Grand Prix,jeddah,2021-12-05,perez,Sergio Pérez,red_bull,5,1:28.021,1:27.946,1:28.123
2021,21,Saudi Arabian Grand Prix,jeddah,2021-12-05,gasly,Pierre Gasly,alphatauri,6,1:28.401,1:28.314,1:28.125
2021,21,Saudi Arabian Grand Prix,jeddah,2021-12-05,norris,Lando Norris,mclaren,7,1:28.338,1:28.344,1:28.180
2021,21,Saudi Arabian Grand Prix,jeddah,2021-12-05,tsunoda,Yuki Tsunoda,alphatauri,8,1:28.503,1:28.222,1:28.442
2021,21,Saudi Arabian Grand Prix,jeddah,2021-12-05,ocon,Esteban Ocon,alpine,9,1:28.752,1:28.574,1:28.647
2021,21,Saudi Arabian Grand Prix,jeddah,2021-12-05,giovinazzi,Antonio Giovinazzi,alfa,10,1:28.899,1:28.616,1:28.754
2021,21,Saudi Arabian Grand Prix,jeddah,2021-12-05,ricciardo,Daniel Ricciardo,mclaren,11,1:28.216,1:28.668,
2021,21,Saudi Arabian Grand Prix,jeddah,2021-12-05,raikkonen,Kimi Räikkönen,alfa,12,1:28.856,1:28.885,
2021,21,Saudi Arabian Grand Prix,jeddah,2021-12-05,alonso,Fernando Alonso,alpine,13,1:28.944,1:28.920,
2021,21,Saudi Arabian Grand Prix,jeddah,2021-12-05,russell,George Russell,williams,14,1:28.926,1:29.054,
2021,21,Saudi Arabian Grand Prix,jeddah,2021-12-05,sainz,Carlos Sainz,ferrari,15,1:28.237,1:53.652,
2021,21,Saudi Arabian Grand Prix,jeddah,2021-12-05,latifi,Nicholas Latifi,williams,16,1:29.177,,
2021,21,Saudi Arabian Grand Prix,jeddah,2021-12-05,vettel,Sebastian Vettel,aston_martin,17,1:29.198,,
2021,21,Saudi Arabian Grand Prix,jeddah,2021-12-05,stroll,Lance Stroll,aston_martin,18,1:29.368,,
2021,21,Saudi Arabian Grand Prix,jeddah,2021-12-05,mick_schumacher,Mick Schumacher,haas,19,1:29.464,,
2021,21,Saudi Arabian Grand Prix,jeddah,2021-12-05,mazepin,Nikita Mazepin,haas,20,1:30.473,,
2021,22,Abu Dhabi Grand Prix,yas_marina,2021-12-12,max_verstappen,Max Verstappen,red_bull,1,1:23.322,1:22.800,1:22.109
2021,22,Abu Dhabi Grand Prix,yas_marina,2021-12-12,hamilton,Lewis Hamilton,mercedes,2,1:22.845,1:23.145,1:22.480
2021,22,Abu Dhabi Grand Prix,yas_marina,2021-12-12,norris,Lando Norris,mclaren,3,1:23.553,1:23.256,1:22.931
2021,22,Abu Dhabi Grand Prix,yas_marina,2021-12-12,perez,Sergio Pérez,red_bull,4,1:23.350,1:23.135,1:22.947
2021,22,Abu Dhabi Grand Prix,yas_marina,2021-12-12,sainz,Carlos Sainz,ferrari,5,1:23.624,1:23.174,1:22.992
2021,22,Abu Dhabi Grand Prix,yas_marina,2021-12-12,bottas,Valtteri Bottas,mercedes,6,1:23.117,1:23.246,1:23.036
2021,22,Abu Dhabi Grand Prix,yas_marina,2021-12-12,leclerc,Charles Leclerc,ferrari,7,1:23.467,1:23.202,1:23.122
2021,22,Abu Dhabi Grand Prix,yas_marina,2021-12-12,tsunoda,Yuki Tsunoda,alphatauri,8,1:23.428,1:23.404,1:23.220
2021,22,Abu Dhabi Grand Prix,yas_marina,2021-12-12,ocon,Esteban Ocon,alpine,9,1:23.764,1:23.420,1:23.389
2021,22,Abu Dhabi Grand Prix,yas_marina,2021-12-12,ricciardo,Daniel Ricciardo,mclaren,10,1:23.829,1:23.448,1:23.409
2021,22,Abu Dhabi Grand Prix,yas_marina,2021-12-12,alonso,Fernando Alonso,alpine,11,1:23.846,1:23.460,
2021,22,Abu Dhabi Grand Prix,yas_marina,2021-12-12,gasly,Pierre Gasly,alphatauri,12,1:23.489,1:24.043,
2021,22,Abu Dhabi Grand Prix,yas_marina,2021-12-12,stroll,Lance Stroll,aston_martin,13,1:24.061,1:24.066,
2021,22,Abu Dhabi Grand Prix,yas_marina,2021-12-12,giovinazzi,Antonio Giovinazzi,alfa,14,1:24.118,1:24.251,
2021,22,Abu Dhabi Grand Prix,yas_marina,2021-12-12,vettel,Sebastian Vettel,aston_martin,15,1:24.225,1:24.305,
2021,22,Abu Dhabi Grand Prix,yas_marina,2021-12-12,latifi,Nicholas Latifi,williams,16,1:24.338,,
2021,22,Abu Dhabi Grand Prix,yas_marina,2021-12-12,russell,George Russell,williams,17,1:24.423,,
2021,22,Abu Dhabi Grand Prix,yas_marina,2021-12-12,raikkonen,Kimi Räikkönen,alfa,18,1:24.779,,
2021,22,Abu Dhabi Grand Prix,yas_marina,2021-12-12,mick_schumacher,Mick Schumacher,haas,19,1:24.906,,
2021,22,Abu Dhabi Grand Prix,yas_marina,2021-12-12,mazepin,Nikita Mazepin,haas,20,1:25.685,,
