season,round,race_name,circuit_id,race_date,driver_id,driver_name,constructor_id,grid,position,position_text,status,points,laps
2019,1,Australian Grand Prix,albert_park,2019-03-17,bottas,Valtteri Bottas,mercedes,2,1,1,Finished,26.0,58
2019,1,Australian Grand Prix,albert_park,2019-03-17,hamilton,Lewis Hamilton,mercedes,1,2,2,Finished,18.0,58
2019,1,Australian Grand Prix,albert_park,2019-03-17,max_verstappen,Max Verstappen,red_bull,4,3,3,Finished,15.0,58
2019,1,Australian Grand Prix,albert_park,2019-03-17,vettel,Sebastian Vettel,ferrari,3,4,4,Finished,12.0,58
2019,1,Australian Grand Prix,albert_park,2019-03-17,leclerc,Charles Leclerc,ferrari,5,5,5,Finished,10.0,58
2019,1,Australian Grand Prix,albert_park,2019-03-17,kevin_magnussen,Kevin Magnussen,haas,7,6,6,Finished,8.0,58
2019,1,Australian Grand Prix,albert_park,2019-03-17,hulkenberg,Nico Hülkenberg,renault,11,7,7,+1 Lap,6.0,57
2019,1,Australian Grand Prix,albert_park,2019-03-17,raikkonen,Kimi Räikkönen,alfa,9,8,8,+1 Lap,4.0,57
2019,1,Australian Grand Prix,albert_park,2019-03-17,stroll,Lance Stroll,racing_point,16,9,9,+1 Lap,2.0,57
2019,1,Australian Grand Prix,albert_park,2019-03-17,kvyat,Daniil Kvyat,toro_rosso,15,10,10,+1 Lap,1.0,57
2019,1,Australian Grand Prix,albert_park,2019-03-17,gasly,Pierre Gasly,red_bull,17,11,11,+1 Lap,0.0,57
2019,1,Australian Grand Prix,albert_park,2019-03-17,norris,Lando Norris,mclaren,8,12,12,+1 Lap,0.0,57
2019,1,Australian Grand Prix,albert_park,2019-03-17,perez,Sergio Pérez,racing_point,10,13,13,+1 Lap,0.0,57
2019,1,Australian Grand Prix,albert_park,2019-03-17,albon,Alexander Albon,toro_rosso,13,14,14,+1 Lap,0.0,57
2019,1,Australian Grand Prix,albert_park,2019-03-17,giovinazzi,Antonio Giovinazzi,alfa,14,15,15,+1 Lap,0.0,57
2019,1,Australian Grand Prix,albert_park,2019-03-17,russell,George Russell,williams,19,16,16,+2 Laps,0.0,56
2019,1,Australian Grand Prix,albert_park,2019-03-17,kubica,Robert Kubica,williams,20,17,17,+3 Laps,0.0,55
2019,1,Australian Grand Prix,albert_park,2019-03-17,grosjean,Romain Grosjean,haas,6,18,R,Wheel,0.0,29
2019,1,Australian Grand Prix,albert_park,2019-03-17,ricciardo,Daniel Ricciardo,renault,12,19,R,Damage,0.0,28
2019,1,Australian Grand Prix,albert_park,2019-03-17,sainz,Carlos Sainz,mclaren,18,20,R,Engine,0.0,9
2019,2,Bahrain Grand Prix,bahrain,2019-03-31,hamilton,Lewis Hamilton,mercedes,3,1,1,Finished,25.0,57
2019,2,Bahrain Grand Prix,bahrain,2019-03-31,bottas,Valtteri Bottas,mercedes,4,2,2,Finished,18.0,57
2019,2,Bahrain Grand Prix,bahrain,2019-03-31,leclerc,Charles Leclerc,ferrari,1,3,3,Finished,16.0,57
2019,2,Bahrain Grand Prix,bahrain,2019-03-31,max_verstappen,Max Verstappen,red_bull,5,4,4,Finished,12.0,57
2019,2,Bahrain Grand Prix,bahrain,2019-03-31,vettel,Sebastian Vettel,ferrari,2,5,5,Finished,10.0,57
2019,2,Bahrain Grand Prix,bahrain,2019-03-31,norris,Lando Norris,mclaren,9,6,6,Finished,8.0,57
2019,2,Bahrain Grand Prix,bahrain,2019-03-31,raikkonen,Kimi Räikkönen,alfa,8,7,7,Finished,6.0,57
2019,2,Bahrain Grand Prix,bahrain,2019-03-31,gasly,Pierre Gasly,red_bull,13,8,8,Finished,4.0,57
2019,2,Bahrain Grand Prix,bahrain,2019-03-31,albon,Alexander Albon,toro_rosso,12,9,9,Finished,2.0,57
2019,2,Bahrain Grand Prix,bahrain,2019-03-31,perez,Sergio Pérez,racing_point,14,10,10,Finished,1.0,57
2019,2,Bahrain Grand Prix,bahrain,2019-03-31,giovinazzi,Antonio Giovinazzi,alfa,16,11,11,Finished,0.0,57
2019,2,Bahrain Grand Prix,bahrain,2019-03-31,kvyat,Daniil Kvyat,toro_rosso,15,12,12,+1 Lap,0.0,56
2019,2,Bahrain Grand Prix,bahrain,2019-03-31,kevin_magnussen,Kevin Magnussen,haas,6,13,13,+1 Lap,0.0,56
2019,2,Bahrain Grand Prix,bahrain,2019-03-31,stroll,Lance Stroll,racing_point,18,14,14,+1 Lap,0.0,56
2019,2,Bahrain Grand Prix,bahrain,2019-03-31,russell,George Russell,williams,19,15,15,+1 Lap,0.0,56
2019,2,Bahrain Grand Prix,bahrain,2019-03-31,kubica,Robert Kubica,williams,20,16,16,+2 Laps,0.0,55
2019,2,Bahrain Grand Prix,bahrain,2019-03-31,hulkenberg,Nico Hülkenberg,renault,17,17,R,Engine,0.0,53
2019,2,Bahrain Grand Prix,bahrain,2019-03-31,ricciardo,Daniel Ricciardo,renault,10,18,R,Out of fuel,0.0,53
2019,2,Bahrain Grand Prix,bahrain,2019-03-31,sainz,Carlos Sainz,mclaren,7,19,R,Collision damage,0.0,53
2019,2,Bahrain Grand Prix,bahrain,2019-03-31,grosjean,Romain Grosjean,haas,11,20,R,Retired,0.0,16
2019,3,Chinese Grand Prix,shanghai,2019-04-14,hamilton,Lewis Hamilton,mercedes,2,1,1,Finished,25.0,56
2019,3,Chinese Grand Prix,shanghai,2019-04-14,bottas,Valtteri Bottas,mercedes,1,2,2,Finished,18.0,56
2019,3,Chinese Grand Prix,shanghai,2019-04-14,vettel,Sebastian Vettel,ferrari,3,3,3,Finished,15.0,56
2019,3,Chinese Grand Prix,shanghai,2019-04-14,max_verstappen,Max Verstappen,red_bull,5,4,4,Finished,12.0,56
2019,3,Chinese Grand Prix,shanghai,2019-04-14,leclerc,Charles Leclerc,ferrari,4,5,5,Finished,10.0,56
2019,3,Chinese Grand Prix,shanghai,2019-04-14,gasly,Pierre Gasly,red_bull,6,6,6,Finished,9.0,56
2019,3,Chinese Grand Prix,shanghai,2019-04-14,ricciardo,Daniel Ricciardo,renault,7,7,7,+1 Lap,6.0,55
2019,3,Chinese Grand Prix,shanghai,2019-04-14,perez,Sergio Pérez,racing_point,12,8,8,+1 Lap,4.0,55
2019,3,Chinese Grand Prix,shanghai,2019-04-14,raikkonen,Kimi Räikkönen,alfa,13,9,9,+1 Lap,2.0,55
2019,3,Chinese Grand Prix,shanghai,2019-04-14,albon,Alexander Albon,toro_rosso,0,10,10,+1 Lap,1.0,55
2019,3,Chinese Grand Prix,shanghai,2019-04-14,grosjean,Romain Grosjean,haas,10,11,11,+1 Lap,0.0,55
2019,3,Chinese Grand Prix,shanghai,2019-04-14,stroll,Lance Stroll,racing_point,16,12,12,+1 Lap,0.0,55
2019,3,Chinese Grand Prix,shanghai,2019-04-14,kevin_magnussen,Kevin Magnussen,haas,9,13,13,+1 Lap,0.0,55
2019,3,Chinese Grand Prix,shanghai,2019-04-14,sainz,Carlos Sainz,mclaren,14,14,14,+1 Lap,0.0,55
2019,3,Chinese Grand Prix,shanghai,2019-04-14,giovinazzi,Antonio Giovinazzi,alfa,19,15,15,+1 Lap,0.0,55
2019,3,Chinese Grand Prix,shanghai,2019-04-14,russell,George Russell,williams,17,16,16,+2 Laps,0.0,54
2019,3,Chinese Grand Prix,shanghai,2019-04-14,kubica,Robert Kubica,williams,18,17,17,+2 Laps,0.0,54
2019,3,Chinese Grand Prix,shanghai,2019-04-14,norris,Lando Norris,mclaren,15,18,18,Collision,0.0,50
2019,3,Chinese Grand Prix,shanghai,2019-04-14,kvyat,Daniil Kvyat,toro_rosso,11,19,R,Collision,0.0,41
2019,3,Chinese Grand Prix,shanghai,2019-04-14,hulkenberg,Nico Hülkenberg,renault,8,20,R,Power Unit,0.0,16
2019,4,Azerbaijan Grand Prix,baku,2019-04-28,bottas,Valtteri Bottas,mercedes,1,1,1,Finished,25.0,51
2019,4,Azerbaijan Grand Prix,baku,2019-04-28,hamilton,Lewis Hamilton,mercedes,2,2,2,Finished,18.0,51
2019,4,Azerbaijan Grand Prix,baku,2019-04-28,vettel,Sebastian Vettel,ferrari,3,3,3,Finished,15.0,51
2019,4,Azerbaijan Grand Prix,baku,2019-04-28,max_verstappen,Max Verstappen,red_bull,4,4,4,Finished,12.0,51
2019,4,Azerbaijan Grand Prix,baku,2019-04-28,leclerc,Charles Leclerc,ferrari,8,5,5,Finished,11.0,51
2019,4,Azerbaijan Grand Prix,baku,2019-04-28,perez,Sergio Pérez,racing_point,5,6,6,Finished,8.0,51
2019,4,Azerbaijan Grand Prix,baku,2019-04-28,sainz,Carlos Sainz,mclaren,9,7,7,Finished,6.0,51
2019,4,Azerbaijan Grand Prix,baku,2019-04-28,norris,Lando Norris,mclaren,7,8,8,Finished,4.0,51
2019,4,Azerbaijan Grand Prix,baku,2019-04-28,stroll,Lance Stroll,racing_point,13,9,9,Finished,2.0,51
2019,4,Azerbaijan Grand Prix,baku,2019-04-28,raikkonen,Kimi Räikkönen,alfa,0,10,10,+1 Lap,1.0,50
2019,4,Azerbaijan Grand Prix,baku,2019-04-28,albon,Alexander Albon,toro_rosso,11,11,11,+1 Lap,0.0,50
2019,4,Azerbaijan Grand Prix,baku,2019-04-28,giovinazzi,Antonio Giovinazzi,alfa,17,12,12,+1 Lap,0.0,50
2019,4,Azerbaijan Grand Prix,baku,2019-04-28,kevin_magnussen,Kevin Magnussen,haas,12,13,13,+1 Lap,0.0,50
2019,4,Azerbaijan Grand Prix,baku,2019-04-28,hulkenberg,Nico Hülkenberg,renault,15,14,14,+1 Lap,0.0,50
2019,4,Azerbaijan Grand Prix,baku,2019-04-28,russell,George Russell,williams,16,15,15,+2 Laps,0.0,49
2019,4,Azerbaijan Grand Prix,baku,2019-04-28,kubica,Robert Kubica,williams,0,16,16,+2 Laps,0.0,49
2019,4,Azerbaijan Grand Prix,baku,2019-04-28,gasly,Pierre Gasly,red_bull,0,17,R,Transmission,0.0,38
2019,4,Azerbaijan Grand Prix,baku,2019-04-28,grosjean,Romain Grosjean,haas,14,18,R,Brakes,0.0,38
2019,4,Azerbaijan Grand Prix,baku,2019-04-28,kvyat,Daniil Kvyat,toro_rosso,6,19,R,Collision,0.0,33
2019,4,Azerbaijan Grand Prix,baku,2019-04-28,ricciardo,Daniel Ricciardo,renault,10,20,R,Collision,0.0,31
2019,5,Spanish Grand Prix,catalunya,2019-05-12,hamilton,Lewis Hamilton,mercedes,2,1,1,Finished,26.0,66
2019,5,Spanish Grand Prix,catalunya,2019-05-12,bottas,Valtteri Bottas,mercedes,1,2,2,Finished,18.0,66
2019,5,Spanish Grand Prix,catalunya,2019-05-12,max_verstappen,Max Verstappen,red_bull,4,3,3,Finished,15.0,66
2019,5,Spanish Grand Prix,catalunya,2019-05-12,vettel,Sebastian Vettel,ferrari,3,4,4,Finished,12.0,66
2019,5,Spanish Grand Prix,catalunya,2019-05-12,leclerc,Charles Leclerc,ferrari,5,5,5,Finished,10.0,66
2019,5,Spanish Grand Prix,catalunya,2019-05-12,gasly,Pierre Gasly,red_bull,6,6,6,Finished,8.0,66
2019,5,Spanish Grand Prix,catalunya,2019-05-12,kevin_magnussen,Kevin Magnussen,haas,8,7,7,Finished,6.0,66
2019,5,Spanish Grand Prix,catalunya,2019-05-12,sainz,Carlos Sainz,mclaren,12,8,8,Finished,4.0,66
2019,5,Spanish Grand Prix,catalunya,2019-05-12,kvyat,Daniil Kvyat,toro_rosso,9,9,9,Finished,2.0,66
2019,5,Spanish Grand Prix,catalunya,2019-05-12,grosjean,Romain Grosjean,haas,7,10,10,Finished,1.0,66
2019,5,Spanish Grand Prix,catalunya,2019-05-12,albon,Alexander Albon,toro_rosso,11,11,11,Finished,0.0,66
2019,5,Spanish Grand Prix,catalunya,2019-05-12,ricciardo,Daniel Ricciardo,renault,13,12,12,Finished,0.0,66
2019,5,Spanish Grand Prix,catalunya,2019-05-12,hulkenberg,Nico Hülkenberg,renault,0,13,13,Finished,0.0,66
2019,5,Spanish Grand Prix,catalunya,2019-05-12,raikkonen,Kimi Räikkönen,alfa,14,14,14,Finished,0.0,66
2019,5,Spanish Grand Prix,catalunya,2019-05-12,perez,Sergio Pérez,racing_point,15,15,15,Finished,0.0,66
2019,5,Spanish Grand Prix,catalunya,2019-05-12,giovinazzi,Antonio Giovinazzi,alfa,18,16,16,Finished,0.0,66
2019,5,Spanish Grand Prix,catalunya,2019-05-12,russell,George Russell,williams,19,17,17,+1 Lap,0.0,65
2019,5,Spanish Grand Prix,catalunya,2019-05-12,kubica,Robert Kubica,williams,17,18,18,+1 Lap,0.0,65
2019,5,Spanish Grand Prix,catalunya,2019-05-12,stroll,Lance Stroll,racing_point,16,19,R,Collision,0.0,44
2019,5,Spanish Grand Prix,catalunya,2019-05-12,norris,Lando Norris,mclaren,10,20,R,Collision,0.0,44
2019,6,Monaco Grand Prix,monaco,2019-05-26,hamilton,Lewis Hamilton,mercedes,1,1,1,Finished,25.0,78
2019,6,Monaco Grand Prix,monaco,2019-05-26,vettel,Sebastian Vettel,ferrari,4,2,2,Finished,18.0,78
2019,6,Monaco Grand Prix,monaco,2019-05-26,bottas,Valtteri Bottas,mercedes,2,3,3,Finished,15.0,78
2019,6,Monaco Grand Prix,monaco,2019-05-26,max_verstappen,Max Verstappen,red_bull,3,4,4,Finished,12.0,78
2019,6,Monaco Grand Prix,monaco,2019-05-26,gasly,Pierre Gasly,red_bull,8,5,5,Finished,11.0,78
2019,6,Monaco Grand Prix,monaco,2019-05-26,sainz,Carlos Sainz,mclaren,9,6,6,Finished,8.0,78
2019,6,Monaco Grand Prix,monaco,2019-05-26,kvyat,Daniil Kvyat,toro_rosso,7,7,7,Finished,6.0,78
2019,6,Monaco Grand Prix,monaco,2019-05-26,albon,Alexander Albon,toro_rosso,10,8,8,Finished,4.0,78
2019,6,Monaco Grand Prix,monaco,2019-05-26,ricciardo,Daniel Ricciardo,renault,6,9,9,Finished,2.0,78
2019,6,Monaco Grand Prix,monaco,2019-05-26,grosjean,Romain Grosjean,haas,13,10,10,Finished,1.0,78
2019,6,Monaco Grand Prix,monaco,2019-05-26,norris,Lando Norris,mclaren,12,11,11,Finished,0.0,78
2019,6,Monaco Grand Prix,monaco,2019-05-26,perez,Sergio Pérez,racing_point,16,12,12,+1 Lap,0.0,77
2019,6,Monaco Grand Prix,monaco,2019-05-26,hulkenberg,Nico Hülkenberg,renault,11,13,13,+1 Lap,0.0,77
2019,6,Monaco Grand Prix,monaco,2019-05-26,kevin_magnussen,Kevin Magnussen,haas,5,14,14,+1 Lap,0.0,77
2019,6,Monaco Grand Prix,monaco,2019-05-26,russell,George Russell,williams,19,15,15,+1 Lap,0.0,77
2019,6,Monaco Grand Prix,monaco,2019-05-26,stroll,Lance Stroll,racing_point,17,16,16,+1 Lap,0.0,77
2019,6,Monaco Grand Prix,monaco,2019-05-26,raikkonen,Kimi Räikkönen,alfa,14,17,17,+1 Lap,0.0,77
2019,6,Monaco Grand Prix,monaco,2019-05-26,kubica,Robert Kubica,williams,20,18,18,+1 Lap,0.0,77
2019,6,Monaco Grand Prix,monaco,2019-05-26,giovinazzi,Antonio Giovinazzi,alfa,18,19,19,+2 Laps,0.0,76
2019,6,Monaco Grand Prix,monaco,2019-05-26,leclerc,Charles Leclerc,ferrari,15,20,R,Collision,0.0,16
2019,7,Canadian Grand Prix,villeneuve,2019-06-09,hamilton,Lewis Hamilton,mercedes,2,1,1,Finished,25.0,70
2019,7,Canadian Grand Prix,villeneuve,2019-06-09,vettel,Sebastian Vettel,ferrari,1,2,2,Finished,18.0,70
2019,7,Canadian Grand Prix,villeneuve,2019-06-09,leclerc,Charles Leclerc,ferrari,3,3,3,Finished,15.0,70
2019,7,Canadian Grand Prix,villeneuve,2019-06-09,bottas,Valtteri Bottas,mercedes,6,4,4,Finished,13.0,70
2019,7,Canadian Grand Prix,villeneuve,2019-06-09,max_verstappen,Max Verstappen,red_bull,9,5,5,Finished,10.0,70
2019,7,Canadian Grand Prix,villeneuve,2019-06-09,ricciardo,Daniel Ricciardo,renault,4,6,6,+1 Lap,8.0,69
2019,7,Canadian Grand Prix,villeneuve,2019-06-09,hulkenberg,Nico Hülkenberg,renault,7,7,7,+1 Lap,6.0,69
2019,7,Canadian Grand Prix,villeneuve,2019-06-09,gasly,Pierre Gasly,red_bull,5,8,8,+1 Lap,4.0,69
2019,7,Canadian Grand Prix,villeneuve,2019-06-09,stroll,Lance Stroll,racing_point,17,9,9,+1 Lap,2.0,69
2019,7,Canadian Grand Prix,villeneuve,2019-06-09,kvyat,Daniil Kvyat,toro_rosso,10,10,10,+1 Lap,1.0,69
2019,7,Canadian Grand Prix,villeneuve,2019-06-09,sainz,Carlos Sainz,mclaren,11,11,11,+1 Lap,0.0,69
2019,7,Canadian Grand Prix,villeneuve,2019-06-09,perez,Sergio Pérez,racing_point,15,12,12,+1 Lap,0.0,69
2019,7,Canadian Grand Prix,villeneuve,2019-06-09,giovinazzi,Antonio Giovinazzi,alfa,12,13,13,+1 Lap,0.0,69
2019,7,Canadian Grand Prix,villeneuve,2019-06-09,grosjean,Romain Grosjean,haas,14,14,14,+1 Lap,0.0,69
2019,7,Canadian Grand Prix,villeneuve,2019-06-09,raikkonen,Kimi Räikkönen,alfa,16,15,15,+1 Lap,0.0,69
2019,7,Canadian Grand Prix,villeneuve,2019-06-09,russell,George Russell,williams,18,16,16,+2 Laps,0.0,68
2019,7,Canadian Grand Prix,villeneuve,2019-06-09,kevin_magnussen,Kevin Magnussen,haas,0,17,17,+2 Laps,0.0,68
2019,7,Canadian Grand Prix,villeneuve,2019-06-09,kubica,Robert Kubica,williams,19,18,18,+3 Laps,0.0,67
2019,7,Canadian Grand Prix,villeneuve,2019-06-09,albon,Alexander Albon,toro_rosso,13,19,R,Collision damage,0.0,59
2019,7,Canadian Grand Prix,villeneuve,2019-06-09,norris,Lando Norris,mclaren,8,20,R,Suspension,0.0,8
2019,8,French Grand Prix,ricard,2019-06-23,hamilton,Lewis Hamilton,mercedes,1,1,1,Finished,25.0,53
2019,8,French Grand Prix,ricard,2019-06-23,bottas,Valtteri Bottas,mercedes,2,2,2,Finished,18.0,53
2019,8,French Grand Prix,ricard,2019-06-23,leclerc,Charles Leclerc,ferrari,3,3,3,Finished,15.0,53
2019,8,French Grand Prix,ricard,2019-06-23,max_verstappen,Max Verstappen,red_bull,4,4,4,Finished,12.0,53
2019,8,French Grand Prix,ricard,2019-06-23,vettel,Sebastian Vettel,ferrari,7,5,5,Finished,11.0,53
2019,8,French Grand Prix,ricard,2019-06-23,sainz,Carlos Sainz,mclaren,6,6,6,Finished,8.0,53
2019,8,French Grand Prix,ricard,2019-06-23,raikkonen,Kimi Räikkönen,alfa,12,7,7,+1 Lap,6.0,52
2019,8,French Grand Prix,ricard,2019-06-23,hulkenberg,Nico Hülkenberg,renault,13,8,8,+1 Lap,4.0,52
2019,8,French Grand Prix,ricard,2019-06-23,norris,Lando Norris,mclaren,5,9,9,+1 Lap,2.0,52
2019,8,French Grand Prix,ricard,2019-06-23,gasly,Pierre Gasly,red_bull,9,10,10,+1 Lap,1.0,52
2019,8,French Grand Prix,ricard,2019-06-23,ricciardo,Daniel Ricciardo,renault,8,11,11,+1 Lap,0.0,52
2019,8,French Grand Prix,ricard,2019-06-23,perez,Sergio Pérez,racing_point,14,12,12,+1 Lap,0.0,52
2019,8,French Grand Prix,ricard,2019-06-23,stroll,Lance Stroll,racing_point,17,13,13,+1 Lap,0.0,52
2019,8,French Grand Prix,ricard,2019-06-23,kvyat,Daniil Kvyat,toro_rosso,19,14,14,+1 Lap,0.0,52
2019,8,French Grand Prix,ricard,2019-06-23,albon,Alexander Albon,toro_rosso,11,15,15,+1 Lap,0.0,52
2019,8,French Grand Prix,ricard,2019-06-23,giovinazzi,Antonio Giovinazzi,alfa,10,16,16,+1 Lap,0.0,52
2019,8,French Grand Prix,ricard,2019-06-23,kevin_magnussen,Kevin Magnussen,haas,15,17,17,+1 Lap,0.0,52
2019,8,French Grand Prix,ricard,2019-06-23,kubica,Robert Kubica,williams,18,18,18,+2 Laps,0.0,51
2019,8,French Grand Prix,ricard,2019-06-23,russell,George Russell,williams,20,19,19,+2 Laps,0.0,51
2019,8,French Grand Prix,ricard,2019-06-23,grosjean,Romain Grosjean,haas,16,20,20,Retired,0.0,44
2019,9,Austrian Grand Prix,red_bull_ring,2019-06-30,max_verstappen,Max Verstappen,red_bull,2,1,1,Finished,26.0,71
2019,9,Austrian Grand Prix,red_bull_ring,2019-06-30,leclerc,Charles Leclerc,ferrari,1,2,2,Finished,18.0,71
2019,9,Austrian Grand Prix,red_bull_ring,2019-06-30,bottas,Valtteri Bottas,mercedes,3,3,3,Finished,15.0,71
2019,9,Austrian Grand Prix,red_bull_ring,2019-06-30,vettel,Sebastian Vettel,ferrari,9,4,4,Finished,12.0,71
2019,9,Austrian Grand Prix,red_bull_ring,2019-06-30,hamilton,Lewis Hamilton,mercedes,4,5,5,Finished,10.0,71
2019,9,Austrian Grand Prix,red_bull_ring,2019-06-30,norris,Lando Norris,mclaren,5,6,6,+1 Lap,8.0,70
2019,9,Austrian Grand Prix,red_bull_ring,2019-06-30,gasly,Pierre Gasly,red_bull,8,7,7,+1 Lap,6.0,70
2019,9,Austrian Grand Prix,red_bull_ring,2019-06-30,sainz,Carlos Sainz,mclaren,19,8,8,+1 Lap,4.0,70
2019,9,Austrian Grand Prix,red_bull_ring,2019-06-30,raikkonen,Kimi Räikkönen,alfa,6,9,9,+1 Lap,2.0,70
2019,9,Austrian Grand Prix,red_bull_ring,2019-06-30,giovinazzi,Antonio Giovinazzi,alfa,7,10,10,+1 Lap,1.0,70
2019,9,Austrian Grand Prix,red_bull_ring,2019-06-30,perez,Sergio Pérez,racing_point,13,11,11,+1 Lap,0.0,70
2019,9,Austrian Grand Prix,red_bull_ring,2019-06-30,ricciardo,Daniel Ricciardo,renault,12,12,12,+1 Lap,0.0,70
2019,9,Austrian Grand Prix,red_bull_ring,2019-06-30,hulkenberg,Nico Hülkenberg,renault,15,13,13,+1 Lap,0.0,70
2019,9,Austrian Grand Prix,red_bull_ring,2019-06-30,stroll,Lance Stroll,racing_point,14,14,14,+1 Lap,0.0,70
2019,9,Austrian Grand Prix,red_bull_ring,2019-06-30,albon,Alexander Albon,toro_rosso,18,15,15,+1 Lap,0.0,70
2019,9,Austrian Grand Prix,red_bull_ring,2019-06-30,grosjean,Romain Grosjean,haas,11,16,16,+1 Lap,0.0,70
2019,9,Austrian Grand Prix,red_bull_ring,2019-06-30,kvyat,Daniil Kvyat,toro_rosso,16,17,17,+1 Lap,0.0,70
2019,9,Austrian Grand Prix,red_bull_ring,2019-06-30,russell,George Russell,williams,0,18,18,+2 Laps,0.0,69
2019,9,Austrian Grand Prix,red_bull_ring,2019-06-30,kevin_magnussen,Kevin Magnussen,haas,10,19,19,+2 Laps,0.0,69
2019,9,Austrian Grand Prix,red_bull_ring,2019-06-30,kubica,Robert Kubica,williams,17,20,20,+3 Laps,0.0,68
2019,10,British Grand Prix,silverstone,2019-07-14,hamilton,Lewis Hamilton,mercedes,2,1,1,Finished,26.0,52
2019,10,British Grand Prix,silverstone,2019-07-14,bottas,Valtteri Bottas,mercedes,1,2,2,Finished,18.0,52
2019,10,British Grand Prix,silverstone,2019-07-14,leclerc,Charles Leclerc,ferrari,3,3,3,Finished,15.0,52
2019,10,British Grand Prix,silverstone,2019-07-14,gasly,Pierre Gasly,red_bull,5,4,4,Finished,12.0,52
2019,10,British Grand Prix,silverstone,2019-07-14,max_verstappen,Max Verstappen,red_bull,4,5,5,Finished,10.0,52
2019,10,British Grand Prix,silverstone,2019-07-14,sainz,Carlos Sainz,mclaren,13,6,6,Finished,8.0,52
2019,10,British Grand Prix,silverstone,2019-07-14,ricciardo,Daniel Ricciardo,renault,7,7,7,Finished,6.0,52
2019,10,British Grand Prix,silverstone,2019-07-14,raikkonen,Kimi Räikkönen,alfa,12,8,8,Finished,4.0,52
2019,10,British Grand Prix,silverstone,2019-07-14,kvyat,Daniil Kvyat,toro_rosso,17,9,9,Finished,2.0,52
2019,10,British Grand Prix,silverstone,2019-07-14,hulkenberg,Nico Hülkenberg,renault,10,10,10,Finished,1.0,52
2019,10,British Grand Prix,silverstone,2019-07-14,norris,Lando Norris,mclaren,8,11,11,Finished,0.0,52
2019,10,British Grand Prix,silverstone,2019-07-14,albon,Alexander Albon,toro_rosso,9,12,12,Finished,0.0,52
2019,10,British Grand Prix,silverstone,2019-07-14,stroll,Lance Stroll,racing_point,18,13,13,Finished,0.0,52
2019,10,British Grand Prix,silverstone,2019-07-14,russell,George Russell,williams,19,14,14,+1 Lap,0.0,51
2019,10,British Grand Prix,silverstone,2019-07-14,kubica,Robert Kubica,williams,20,15,15,+1 Lap,0.0,51
2019,10,British Grand Prix,silverstone,2019-07-14,vettel,Sebastian Vettel,ferrari,6,16,16,+1 Lap,0.0,51
2019,10,British Grand Prix,silverstone,2019-07-14,perez,Sergio Pérez,racing_point,15,17,17,+1 Lap,0.0,51
2019,10,British Grand Prix,silverstone,2019-07-14,giovinazzi,Antonio Giovinazzi,alfa,11,18,R,Spun off,0.0,18
2019,10,British Grand Prix,silverstone,2019-07-14,grosjean,Romain Grosjean,haas,14,19,R,Collision,0.0,9
2019,10,British Grand Prix,silverstone,2019-07-14,kevin_magnussen,Kevin Magnussen,haas,16,20,R,Collision,0.0,6
2019,11,German Grand Prix,hockenheimring,2019-07-28,max_verstappen,Max Verstappen,red_bull,2,1,1,Finished,26.0,64
2019,11,German Grand Prix,hockenheimring,2019-07-28,vettel,Sebastian Vettel,ferrari,20,2,2,Finished,18.0,64
2019,11,German Grand Prix,hockenheimring,2019-07-28,kvyat,Daniil Kvyat,toro_rosso,14,3,3,Finished,15.0,64
2019,11,German Grand Prix,hockenheimring,2019-07-28,stroll,Lance Stroll,racing_point,15,4,4,Finished,12.0,64
2019,11,German Grand Prix,hockenheimring,2019-07-28,sainz,Carlos Sainz,mclaren,7,5,5,Finished,10.0,64
2019,11,German Grand Prix,hockenheimring,2019-07-28,albon,Alexander Albon,toro_rosso,16,6,6,Finished,8.0,64
2019,11,German Grand Prix,hockenheimring,2019-07-28,grosjean,Romain Grosjean,haas,6,7,7,Finished,6.0,64
2019,11,German Grand Prix,hockenheimring,2019-07-28,kevin_magnussen,Kevin Magnussen,haas,12,8,8,Finished,4.0,64
2019,11,German Grand Prix,hockenheimring,2019-07-28,hamilton,Lewis Hamilton,mercedes,1,9,9,Finished,2.0,64
2019,11,German Grand Prix,hockenheimring,2019-07-28,kubica,Robert Kubica,williams,18,10,10,Finished,1.0,64
2019,11,German Grand Prix,hockenheimring,2019-07-28,russell,George Russell,williams,17,11,11,Finished,0.0,64
2019,11,German Grand Prix,hockenheimring,2019-07-28,raikkonen,Kimi Räikkönen,alfa,5,12,12,Finished,0.0,64
2019,11,German Grand Prix,hockenheimring,2019-07-28,giovinazzi,Antonio Giovinazzi,alfa,11,13,13,Finished,0.0,64
2019,11,German Grand Prix,hockenheimring,2019-07-28,gasly,Pierre Gasly,red_bull,4,14,14,Collision,0.0,61
2019,11,German Grand Prix,hockenheimring,2019-07-28,bottas,Valtteri Bottas,mercedes,3,15,R,Accident,0.0,56
2019,11,German Grand Prix,hockenheimring,2019-07-28,hulkenberg,Nico Hülkenberg,renault,9,16,R,Accident,0.0,39
2019,11,German Grand Prix,hockenheimring,2019-07-28,leclerc,Charles Leclerc,ferrari,10,17,R,Accident,0.0,27
2019,11,German Grand Prix,hockenheimring,2019-07-28,norris,Lando Norris,mclaren,19,18,R,Power loss,0.0,25
2019,11,German Grand Prix,hockenheimring,2019-07-28,ricciardo,Daniel Ricciardo,renault,13,19,R,Exhaust,0.0,13
2019,11,German Grand Prix,hockenheimring,2019-07-28,perez,Sergio Pérez,racing_point,8,20,R,Spun off,0.0,1
2019,12,Hungarian Grand Prix,hungaroring,2019-08-04,hamilton,Lewis Hamilton,mercedes,3,1,1,Finished,25.0,70
2019,12,Hungarian Grand Prix,hungaroring,2019-08-04,max_verstappen,Max Verstappen,red_bull,1,2,2,Finished,19.0,70
2019,12,Hungarian Grand Prix,hungaroring,2019-08-04,vettel,Sebastian Vettel,ferrari,5,3,3,Finished,15.0,70
2019,12,Hungarian Grand Prix,hungaroring,2019-08-04,leclerc,Charles Leclerc,ferrari,4,4,4,Finished,12.0,70
2019,12,Hungarian Grand Prix,hungaroring,2019-08-04,sainz,Carlos Sainz,mclaren,8,5,5,+1 Lap,10.0,69
2019,12,Hungarian Grand Prix,hungaroring,2019-08-04,gasly,Pierre Gasly,red_bull,6,6,6,+1 Lap,8.0,69
2019,12,Hungarian Grand Prix,hungaroring,2019-08-04,raikkonen,Kimi Räikkönen,alfa,10,7,7,+1 Lap,6.0,69
2019,12,Hungarian Grand Prix,hungaroring,2019-08-04,bottas,Valtteri Bottas,mercedes,2,8,8,+1 Lap,4.0,69
2019,12,Hungarian Grand Prix,hungaroring,2019-08-04,norris,Lando Norris,mclaren,7,9,9,+1 Lap,2.0,69
2019,12,Hungarian Grand Prix,hungaroring,2019-08-04,albon,Alexander Albon,toro_rosso,12,10,10,+1 Lap,1.0,69
2019,12,Hungarian Grand Prix,hungaroring,2019-08-04,perez,Sergio Pérez,racing_point,16,11,11,+1 Lap,0.0,69
2019,12,Hungarian Grand Prix,hungaroring,2019-08-04,hulkenberg,Nico Hülkenberg,renault,11,12,12,+1 Lap,0.0,69
2019,12,Hungarian Grand Prix,hungaroring,2019-08-04,kevin_magnussen,Kevin Magnussen,haas,14,13,13,+1 Lap,0.0,69
2019,12,Hungarian Grand Prix,hungaroring,2019-08-04,ricciardo,Daniel Ricciardo,renault,20,14,14,+1 Lap,0.0,69
2019,12,Hungarian Grand Prix,hungaroring,2019-08-04,kvyat,Daniil Kvyat,toro_rosso,13,15,15,+2 Laps,0.0,68
2019,12,Hungarian Grand Prix,hungaroring,2019-08-04,russell,George Russell,williams,15,16,16,+2 Laps,0.0,68
2019,12,Hungarian Grand Prix,hungaroring,2019-08-04,stroll,Lance Stroll,racing_point,18,17,17,+2 Laps,0.0,68
2019,12,Hungarian Grand Prix,hungaroring,2019-08-04,giovinazzi,Antonio Giovinazzi,alfa,17,18,18,+2 Laps,0.0,68
2019,12,Hungarian Grand Prix,hungaroring,2019-08-04,kubica,Robert Kubica,williams,19,19,19,+3 Laps,0.0,67
2019,12,Hungarian Grand Prix,hungaroring,2019-08-04,grosjean,Romain Grosjean,haas,9,20,R,Water pressure,0.0,49
2019,13,Belgian Grand Prix,spa,2019-09-01,leclerc,Charles Leclerc,ferrari,1,1,1,Finished,25.0,44
2019,13,Belgian Grand Prix,spa,2019-09-01,hamilton,Lewis Hamilton,mercedes,3,2,2,Finished,18.0,44
2019,13,Belgian Grand Prix,spa,2019-09-01,bottas,Valtteri Bottas,mercedes,4,3,3,Finished,15.0,44
2019,13,Belgian Grand Prix,spa,2019-09-01,vettel,Sebastian Vettel,ferrari,2,4,4,Finished,13.0,44
2019,13,Belgian Grand Prix,spa,2019-09-01,albon,Alexander Albon,red_bull,17,5,5,Finished,10.0,44
2019,13,Belgian Grand Prix,spa,2019-09-01,perez,Sergio Pérez,racing_point,7,6,6,Finished,8.0,44
2019,13,Belgian Grand Prix,spa,2019-09-01,kvyat,Daniil Kvyat,toro_rosso,19,7,7,Finished,6.0,44
2019,13,Belgian Grand Prix,spa,2019-09-01,hulkenberg,Nico Hülkenberg,renault,12,8,8,Finished,4.0,44
2019,13,Belgian Grand Prix,spa,2019-09-01,gasly,Pierre Gasly,toro_rosso,13,9,9,Finished,2.0,44
2019,13,Belgian Grand Prix,spa,2019-09-01,stroll,Lance Stroll,racing_point,16,10,10,Finished,1.0,44
2019,13,Belgian Grand Prix,spa,2019-09-01,norris,Lando Norris,mclaren,11,11,11,Engine,0.0,43
2019,13,Belgian Grand Prix,spa,2019-09-01,kevin_magnussen,Kevin Magnussen,haas,8,12,12,+1 Lap,0.0,43
2019,13,Belgian Grand Prix,spa,2019-09-01,grosjean,Romain Grosjean,haas,9,13,13,+1 Lap,0.0,43
2019,13,Belgian Grand Prix,spa,2019-09-01,ricciardo,Daniel Ricciardo,renault,10,14,14,+1 Lap,0.0,43
2019,13,Belgian Grand Prix,spa,2019-09-01,russell,George Russell,williams,14,15,15,+1 Lap,0.0,43
2019,13,Belgian Grand Prix,spa,2019-09-01,raikkonen,Kimi Räikkönen,alfa,6,16,16,+1 Lap,0.0,43
2019,13,Belgian Grand Prix,spa,2019-09-01,kubica,Robert Kubica,williams,0,17,17,+1 Lap,0.0,43
2019,13,Belgian Grand Prix,spa,2019-09-01,giovinazzi,Antonio Giovinazzi,alfa,18,18,18,Accident,0.0,42
2019,13,Belgian Grand Prix,spa,2019-09-01,sainz,Carlos Sainz,mclaren,15,19,R,Power loss,0.0,1
2019,13,Belgian Grand Prix,spa,2019-09-01,max_verstappen,Max Verstappen,red_bull,5,20,R,Accident,0.0,0
2019,14,Italian Grand Prix,monza,2019-09-08,leclerc,Charles Leclerc,ferrari,1,1,1,Finished,25.0,53
2019,14,Italian Grand Prix,monza,2019-09-08,bottas,Valtteri Bottas,mercedes,3,2,2,Finished,18.0,53
2019,14,Italian Grand Prix,monza,2019-09-08,hamilton,Lewis Hamilton,mercedes,2,3,3,Finished,16.0,53
2019,14,Italian Grand Prix,monza,2019-09-08,ricciardo,Daniel Ricciardo,renault,5,4,4,Finished,12.0,53
2019,14,Italian Grand Prix,monza,2019-09-08,hulkenberg,Nico Hülkenberg,renault,6,5,5,Finished,10.0,53
2019,14,Italian Grand Prix,monza,2019-09-08,albon,Alexander Albon,red_bull,8,6,6,Finished,8.0,53
2019,14,Italian Grand Prix,monza,2019-09-08,perez,Sergio Pérez,racing_point,18,7,7,Finished,6.0,53
2019,14,Italian Grand Prix,monza,2019-09-08,max_verstappen,Max Verstappen,red_bull,19,8,8,Finished,4.0,53
2019,14,Italian Grand Prix,monza,2019-09-08,giovinazzi,Antonio Giovinazzi,alfa,10,9,9,+1 Lap,2.0,52
2019,14,Italian Grand Prix,monza,2019-09-08,norris,Lando Norris,mclaren,16,10,10,+1 Lap,1.0,52
2019,14,Italian Grand Prix,monza,2019-09-08,gasly,Pierre Gasly,toro_rosso,17,11,11,+1 Lap,0.0,52
2019,14,Italian Grand Prix,monza,2019-09-08,stroll,Lance Stroll,racing_point,9,12,12,+1 Lap,0.0,52
2019,14,Italian Grand Prix,monza,2019-09-08,vettel,Sebastian Vettel,ferrari,4,13,13,+1 Lap,0.0,52
2019,14,Italian Grand Prix,monza,2019-09-08,russell,George Russell,williams,14,14,14,+1 Lap,0.0,52
2019,14,Italian Grand Prix,monza,2019-09-08,raikkonen,Kimi Räikkönen,alfa,0,15,15,+1 Lap,0.0,52
2019,14,Italian Grand Prix,monza,2019-09-08,grosjean,Romain Grosjean,haas,13,16,16,+1 Lap,0.0,52
2019,14,Italian Grand Prix,monza,2019-09-08,kubica,Robert Kubica,williams,15,17,17,+2 Laps,0.0,51
2019,14,Italian Grand Prix,monza,2019-09-08,kevin_magnussen,Kevin Magnussen,haas,11,18,R,Hydraulics,0.0,43
2019,14,Italian Grand Prix,monza,2019-09-08,kvyat,Daniil Kvyat,toro_rosso,12,19,R,Engine,0.0,29
2019,14,Italian Grand Prix,monza,2019-09-08,sainz,Carlos Sainz,mclaren,7,20,R,Wheel,0.0,27
2019,15,Singapore Grand Prix,marina_bay,2019-09-22,vettel,Sebastian Vettel,ferrari,3,1,1,Finished,25.0,61
2019,15,Singapore Grand Prix,marina_bay,2019-09-22,leclerc,Charles Leclerc,ferrari,1,2,2,Finished,18.0,61
2019,15,Singapore Grand Prix,marina_bay,2019-09-22,max_verstappen,Max Verstappen,red_bull,4,3,3,Finished,15.0,61
2019,15,Singapore Grand Prix,marina_bay,2019-09-22,hamilton,Lewis Hamilton,mercedes,2,4,4,Finished,12.0,61
2019,15,Singapore Grand Prix,marina_bay,2019-09-22,bottas,Valtteri Bottas,mercedes,5,5,5,Finished,10.0,61
2019,15,Singapore Grand Prix,marina_bay,2019-09-22,albon,Alexander Albon,red_bull,6,6,6,Finished,8.0,61
2019,15,Singapore Grand Prix,marina_bay,2019-09-22,norris,Lando Norris,mclaren,9,7,7,Finished,6.0,61
2019,15,Singapore Grand Prix,marina_bay,2019-09-22,gasly,Pierre Gasly,toro_rosso,11,8,8,Finished,4.0,61
2019,15,Singapore Grand Prix,marina_bay,2019-09-22,hulkenberg,Nico Hülkenberg,renault,8,9,9,Finished,2.0,61
2019,15,Singapore Grand Prix,marina_bay,2019-09-22,giovinazzi,Antonio Giovinazzi,alfa,10,10,10,Finished,1.0,61
2019,15,Singapore Grand Prix,marina_bay,2019-09-22,grosjean,Romain Grosjean,haas,17,11,11,Finished,0.0,61
2019,15,Singapore Grand Prix,marina_bay,2019-09-22,sainz,Carlos Sainz,mclaren,7,12,12,Finished,0.0,61
2019,15,Singapore Grand Prix,marina_bay,2019-09-22,stroll,Lance Stroll,racing_point,16,13,13,Finished,0.0,61
2019,15,Singapore Grand Prix,marina_bay,2019-09-22,ricciardo,Daniel Ricciardo,renault,20,14,14,Finished,0.0,61
2019,15,Singapore Grand Prix,marina_bay,2019-09-22,kvyat,Daniil Kvyat,toro_rosso,14,15,15,Finished,0.0,61
2019,15,Singapore Grand Prix,marina_bay,2019-09-22,kubica,Robert Kubica,williams,19,16,16,Finished,0.0,61
2019,15,Singapore Grand Prix,marina_bay,2019-09-22,kevin_magnussen,Kevin Magnussen,haas,13,17,17,Finished,0.0,61
2019,15,Singapore Grand Prix,marina_bay,2019-09-22,raikkonen,Kimi Räikkönen,alfa,12,18,R,Collision,0.0,49
2019,15,Singapore Grand Prix,marina_bay,2019-09-22,perez,Sergio Pérez,racing_point,15,19,R,Engine,0.0,42
2019,15,Singapore Grand Prix,marina_bay,2019-09-22,russell,George Russell,williams,18,20,R,Collision,0.0,34
2019,16,Russian Grand Prix,sochi,2019-09-29,hamilton,Lewis Hamilton,mercedes,2,1,1,Finished,26.0,53
2019,16,Russian Grand Prix,sochi,2019-09-29,bottas,Valtteri Bottas,mercedes,4,2,2,Finished,18.0,53
2019,16,Russian Grand Prix,sochi,2019-09-29,leclerc,Charles Leclerc,ferrari,1,3,3,Finished,15.0,53
2019,16,Russian Grand Prix,sochi,2019-09-29,max_verstappen,Max Verstappen,red_bull,9,4,4,Finished,12.0,53
2019,16,Russian Grand Prix,sochi,2019-09-29,albon,Alexander Albon,red_bull,0,5,5,Finished,10.0,53
2019,16,Russian Grand Prix,sochi,2019-09-29,sainz,Carlos Sainz,mclaren,5,6,6,Finished,8.0,53
2019,16,Russian Grand Prix,sochi,2019-09-29,perez,Sergio Pérez,racing_point,11,7,7,Finished,6.0,53
2019,16,Russian Grand Prix,sochi,2019-09-29,norris,Lando Norris,mclaren,7,8,8,Finished,4.0,53
2019,16,Russian Grand Prix,sochi,2019-09-29,kevin_magnussen,Kevin Magnussen,haas,13,9,9,Finished,2.0,53
2019,16,Russian Grand Prix,sochi,2019-09-29,hulkenberg,Nico Hülkenberg,renault,6,10,10,Finished,1.0,53
2019,16,Russian Grand Prix,sochi,2019-09-29,stroll,Lance Stroll,racing_point,14,11,11,Finished,0.0,53
2019,16,Russian Grand Prix,sochi,2019-09-29,kvyat,Daniil Kvyat,toro_rosso,19,12,12,Finished,0.0,53
2019,16,Russian Grand Prix,sochi,2019-09-29,raikkonen,Kimi Räikkönen,alfa,15,13,13,Finished,0.0,53
2019,16,Russian Grand Prix,sochi,2019-09-29,gasly,Pierre Gasly,toro_rosso,16,14,14,Finished,0.0,53
2019,16,Russian Grand Prix,sochi,2019-09-29,giovinazzi,Antonio Giovinazzi,alfa,12,15,15,Finished,0.0,53
2019,16,Russian Grand Prix,sochi,2019-09-29,kubica,Robert Kubica,williams,18,16,R,Brakes,0.0,28
2019,16,Russian Grand Prix,sochi,2019-09-29,russell,George Russell,williams,17,17,R,Brakes,0.0,27
2019,16,Russian Grand Prix,sochi,2019-09-29,vettel,Sebastian Vettel,ferrari,3,18,R,Power loss,0.0,26
2019,16,Russian Grand Prix,sochi,2019-09-29,ricciardo,Daniel Ricciardo,renault,10,19,R,Collision,0.0,24
2019,16,Russian Grand Prix,sochi,2019-09-29,grosjean,Romain Grosjean,haas,8,20,R,Collision,0.0,0
2019,17,Japanese Grand Prix,suzuka,2019-10-13,bottas,Valtteri Bottas,mercedes,3,1,1,Finished,25.0,52
2019,17,Japanese Grand Prix,suzuka,2019-10-13,vettel,Sebastian Vettel,ferrari,1,2,2,Finished,18.0,52
2019,17,Japanese Grand Prix,suzuka,2019-10-13,hamilton,Lewis Hamilton,mercedes,4,3,3,Finished,16.0,52
2019,17,Japanese Grand Prix,suzuka,2019-10-13,albon,Alexander Albon,red_bull,6,4,4,Finished,12.0,52
2019,17,Japanese Grand Prix,suzuka,2019-10-13,sainz,Carlos Sainz,mclaren,7,5,5,Finished,10.0,52
2019,17,Japanese Grand Prix,suzuka,2019-10-13,leclerc,Charles Leclerc,ferrari,2,6,6,+1 Lap,8.0,51
2019,17,Japanese Grand Prix,suzuka,2019-10-13,gasly,Pierre Gasly,toro_rosso,9,7,7,+1 Lap,6.0,51
2019,17,Japanese Grand Prix,suzuka,2019-10-13,perez,Sergio Pérez,racing_point,17,8,8,+1 Lap,4.0,51
2019,17,Japanese Grand Prix,suzuka,2019-10-13,stroll,Lance Stroll,racing_point,12,9,9,+1 Lap,2.0,51
2019,17,Japanese Grand Prix,suzuka,2019-10-13,kvyat,Daniil Kvyat,toro_rosso,14,10,10,+1 Lap,1.0,51
2019,17,Japanese Grand Prix,suzuka,2019-10-13,norris,Lando Norris,mclaren,8,11,11,+1 Lap,0.0,51
2019,17,Japanese Grand Prix,suzuka,2019-10-13,raikkonen,Kimi Räikkönen,alfa,13,12,12,+1 Lap,0.0,51
2019,17,Japanese Grand Prix,suzuka,2019-10-13,grosjean,Romain Grosjean,haas,10,13,13,+1 Lap,0.0,51
2019,17,Japanese Grand Prix,suzuka,2019-10-13,giovinazzi,Antonio Giovinazzi,alfa,11,14,14,+1 Lap,0.0,51
2019,17,Japanese Grand Prix,suzuka,2019-10-13,kevin_magnussen,Kevin Magnussen,haas,19,15,15,+1 Lap,0.0,51
2019,17,Japanese Grand Prix,suzuka,2019-10-13,russell,George Russell,williams,18,16,16,+2 Laps,0.0,50
2019,17,Japanese Grand Prix,suzuka,2019-10-13,kubica,Robert Kubica,williams,0,17,17,+2 Laps,0.0,50
2019,17,Japanese Grand Prix,suzuka,2019-10-13,max_verstappen,Max Verstappen,red_bull,5,18,R,Brakes,0.0,14
2019,17,Japanese Grand Prix,suzuka,2019-10-13,ricciardo,Daniel Ricciardo,renault,16,19,D,Disqualified,0.0,51
2019,17,Japanese Grand Prix,suzuka,2019-10-13,hulkenberg,Nico Hülkenberg,renault,15,20,D,Disqualified,0.0,51
2019,18,Mexican Grand Prix,rodriguez,2019-10-27,hamilton,Lewis Hamilton,mercedes,3,1,1,Finished,25.0,71
2019,18,Mexican Grand Prix,rodriguez,2019-10-27,vettel,Sebastian Vettel,ferrari,2,2,2,Finished,18.0,71
2019,18,Mexican Grand Prix,rodriguez,2019-10-27,bottas,Valtteri Bottas,mercedes,6,3,3,Finished,15.0,71
2019,18,Mexican Grand Prix,rodriguez,2019-10-27,leclerc,Charles Leclerc,ferrari,1,4,4,Finished,13.0,71
2019,18,Mexican Grand Prix,rodriguez,2019-10-27,albon,Alexander Albon,red_bull,5,5,5,Finished,10.0,71
2019,18,Mexican Grand Prix,rodriguez,2019-10-27,max_verstappen,Max Verstappen,red_bull,4,6,6,Finished,8.0,71
2019,18,Mexican Grand Prix,rodriguez,2019-10-27,perez,Sergio Pérez,racing_point,11,7,7,Finished,6.0,71
2019,18,Mexican Grand Prix,rodriguez,2019-10-27,ricciardo,Daniel Ricciardo,renault,13,8,8,Finished,4.0,71
2019,18,Mexican Grand Prix,rodriguez,2019-10-27,gasly,Pierre Gasly,toro_rosso,10,9,9,+1 Lap,2.0,70
2019,18,Mexican Grand Prix,rodriguez,2019-10-27,hulkenberg,Nico Hülkenberg,renault,12,10,10,+1 Lap,1.0,70
2019,18,Mexican Grand Prix,rodriguez,2019-10-27,kvyat,Daniil Kvyat,toro_rosso,9,11,11,+1 Lap,0.0,70
2019,18,Mexican Grand Prix,rodriguez,2019-10-27,stroll,Lance Stroll,racing_point,16,12,12,+1 Lap,0.0,70
2019,18,Mexican Grand Prix,rodriguez,2019-10-27,sainz,Carlos Sainz,mclaren,7,13,13,+1 Lap,0.0,70
2019,18,Mexican Grand Prix,rodriguez,2019-10-27,giovinazzi,Antonio Giovinazzi,alfa,15,14,14,+1 Lap,0.0,70
2019,18,Mexican Grand Prix,rodriguez,2019-10-27,kevin_magnussen,Kevin Magnussen,haas,17,15,15,+2 Laps,0.0,69
2019,18,Mexican Grand Prix,rodriguez,2019-10-27,russell,George Russell,williams,19,16,16,+2 Laps,0.0,69
2019,18,Mexican Grand Prix,rodriguez,2019-10-27,grosjean,Romain Grosjean,haas,18,17,17,+2 Laps,0.0,69
2019,18,Mexican Grand Prix,rodriguez,2019-10-27,kubica,Robert Kubica,williams,20,18,18,+2 Laps,0.0,69
2019,18,Mexican Grand Prix,rodriguez,2019-10-27,raikkonen,Kimi Räikkönen,alfa,14,19,R,Overheating,0.0,58
2019,18,Mexican Grand Prix,rodriguez,2019-10-27,norris,Lando Norris,mclaren,8,20,W,Withdrew,0.0,48
2019,19,United States Grand Prix,americas,2019-11-03,bottas,Valtteri Bottas,mercedes,1,1,1,Finished,25.0,56
2019,19,United States Grand Prix,americas,2019-11-03,hamilton,Lewis Hamilton,mercedes,5,2,2,Finished,18.0,56
2019,19,United States Grand Prix,americas,2019-11-03,max_verstappen,Max Verstappen,red_bull,3,3,3,Finished,15.0,56
2019,19,United States Grand Prix,americas,2019-11-03,leclerc,Charles Leclerc,ferrari,4,4,4,Finished,13.0,56
2019,19,United States Grand Prix,americas,2019-11-03,albon,Alexander Albon,red_bull,6,5,5,Finished,10.0,56
2019,19,United States Grand Prix,americas,2019-11-03,ricciardo,Daniel Ricciardo,renault,9,6,6,Finished,8.0,56
2019,19,United States Grand Prix,americas,2019-11-03,norris,Lando Norris,mclaren,8,7,7,Finished,6.0,56
2019,19,United States Grand Prix,americas,2019-11-03,sainz,Carlos Sainz,mclaren,7,8,8,+1 Lap,4.0,55
2019,19,United States Grand Prix,americas,2019-11-03,hulkenberg,Nico Hülkenberg,renault,11,9,9,+1 Lap,2.0,55
2019,19,United States Grand Prix,americas,2019-11-03,perez,Sergio Pérez,racing_point,0,10,10,+1 Lap,1.0,55
2019,19,United States Grand Prix,americas,2019-11-03,raikkonen,Kimi Räikkönen,alfa,17,11,11,+1 Lap,0.0,55
2019,19,United States Grand Prix,americas,2019-11-03,kvyat,Daniil Kvyat,toro_rosso,13,12,12,+1 Lap,0.0,55
2019,19,United States Grand Prix,americas,2019-11-03,stroll,Lance Stroll,racing_point,14,13,13,+1 Lap,0.0,55
2019,19,United States Grand Prix,americas,2019-11-03,giovinazzi,Antonio Giovinazzi,alfa,16,14,14,+1 Lap,0.0,55
2019,19,United States Grand Prix,americas,2019-11-03,grosjean,Romain Grosjean,haas,15,15,15,+1 Lap,0.0,55
2019,19,United States Grand Prix,americas,2019-11-03,gasly,Pierre Gasly,toro_rosso,10,16,16,Suspension,0.0,54
2019,19,United States Grand Prix,americas,2019-11-03,russell,George Russell,williams,18,17,17,+2 Laps,0.0,54
2019,19,United States Grand Prix,americas,2019-11-03,kevin_magnussen,Kevin Magnussen,haas,12,18,18,Brakes,0.0,52
2019,19,United States Grand Prix,americas,2019-11-03,kubica,Robert Kubica,williams,19,19,R,Oil leak,0.0,31
2019,19,United States Grand Prix,americas,2019-11-03,vettel,Sebastian Vettel,ferrari,2,20,R,Suspension,0.0,7
2019,20,Brazilian Grand Prix,interlagos,2019-11-17,max_verstappen,Max Verstappen,red_bull,1,1,1,Finished,25.0,71
2019,20,Brazilian Grand Prix,interlagos,2019-11-17,gasly,Pierre Gasly,toro_rosso,6,2,2,Finished,18.0,71
2019,20,Brazilian Grand Prix,interlagos,2019-11-17,sainz,Carlos Sainz,mclaren,20,3,3,Finished,15.0,71
2019,20,Brazilian Grand Prix,interlagos,2019-11-17,raikkonen,Kimi Räikkönen,alfa,8,4,4,Finished,12.0,71
2019,20,Brazilian Grand Prix,interlagos,2019-11-17,giovinazzi,Antonio Giovinazzi,alfa,12,5,5,Finished,10.0,71
2019,20,Brazilian Grand Prix,interlagos,2019-11-17,ricciardo,Daniel Ricciardo,renault,11,6,6,Finished,8.0,71
2019,20,Brazilian Grand Prix,interlagos,2019-11-17,hamilton,Lewis Hamilton,mercedes,3,7,7,Finished,6.0,71
2019,20,Brazilian Grand Prix,interlagos,2019-11-17,norris,Lando Norris,mclaren,10,8,8,Finished,4.0,71
2019,20,Brazilian Grand Prix,interlagos,2019-11-17,perez,Sergio Pérez,racing_point,15,9,9,Finished,2.0,71
2019,20,Brazilian Grand Prix,interlagos,2019-11-17,kvyat,Daniil Kvyat,toro_rosso,16,10,10,Finished,1.0,71
2019,20,Brazilian Grand Prix,interlagos,2019-11-17,kevin_magnussen,Kevin Magnussen,haas,9,11,11,Finished,0.0,71
2019,20,Brazilian Grand Prix,interlagos,2019-11-17,russell,George Russell,williams,18,12,12,Finished,0.0,71
2019,20,Brazilian Grand Prix,interlagos,2019-11-17,grosjean,Romain Grosjean,haas,7,13,13,Finished,0.0,71
2019,20,Brazilian Grand Prix,interlagos,2019-11-17,albon,Alexander Albon,red_bull,5,14,14,Finished,0.0,71
2019,20,Brazilian Grand Prix,interlagos,2019-11-17,hulkenberg,Nico Hülkenberg,renault,13,15,15,Finished,0.0,71
2019,20,Brazilian Grand Prix,interlagos,2019-11-17,kubica,Robert Kubica,williams,19,16,16,+1 Lap,0.0,70
2019,20,Brazilian Grand Prix,interlagos,2019-11-17,vettel,Sebastian Vettel,ferrari,2,17,17,Collision,0.0,65
2019,20,Brazilian Grand Prix,interlagos,2019-11-17,leclerc,Charles Leclerc,ferrari,14,18,18,Collision,0.0,65
2019,20,Brazilian Grand Prix,interlagos,2019-11-17,stroll,Lance Stroll,racing_point,17,19,19,Suspension,0.0,65
2019,20,Brazilian Grand Prix,interlagos,2019-11-17,bottas,Valtteri Bottas,mercedes,4,20,R,Power Unit,0.0,51
2019,21,Abu Dhabi Grand Prix,yas_marina,2019-12-01,hamilton,Lewis Hamilton,mercedes,1,1,1,Finished,26.0,55
2019,21,Abu Dhabi Grand Prix,yas_marina,2019-12-01,max_verstappen,Max Verstappen,red_bull,2,2,2,Finished,18.0,55
2019,21,Abu Dhabi Grand Prix,yas_marina,2019-12-01,leclerc,Charles Leclerc,ferrari,3,3,3,Finished,15.0,55
2019,21,Abu Dhabi Grand Prix,yas_marina,2019-12-01,bottas,Valtteri Bottas,mercedes,20,4,4,Finished,12.0,55
2019,21,Abu Dhabi Grand Prix,yas_marina,2019-12-01,vettel,Sebastian Vettel,ferrari,4,5,5,Finished,10.0,55
2019,21,Abu Dhabi Grand Prix,yas_marina,2019-12-01,albon,Alexander Albon,red_bull,5,6,6,Finished,8.0,55
2019,21,Abu Dhabi Grand Prix,yas_marina,2019-12-01,perez,Sergio Pérez,racing_point,10,7,7,+1 Lap,6.0,54
2019,21,Abu Dhabi Grand Prix,yas_marina,2019-12-01,norris,Lando Norris,mclaren,6,8,8,+1 Lap,4.0,54
2019,21,Abu Dhabi Grand Prix,yas_marina,2019-12-01,kvyat,Daniil Kvyat,toro_rosso,13,9,9,+1 Lap,2.0,54
2019,21,Abu Dhabi Grand Prix,yas_marina,2019-12-01,sainz,Carlos Sainz,mclaren,8,10,10,+1 Lap,1.0,54
2019,21,Abu Dhabi Grand Prix,yas_marina,2019-12-01,ricciardo,Daniel Ricciardo,renault,7,11,11,+1 Lap,0.0,54
2019,21,Abu Dhabi Grand Prix,yas_marina,2019-12-01,hulkenberg,Nico Hülkenberg,renault,9,12,12,+1 Lap,0.0,54
2019,21,Abu Dhabi Grand Prix,yas_marina,2019-12-01,raikkonen,Kimi Räikkönen,alfa,17,13,13,+1 Lap,0.0,54
2019,21,Abu Dhabi Grand Prix,yas_marina,2019-12-01,kevin_magnussen,Kevin Magnussen,haas,14,14,14,+1 Lap,0.0,54
2019,21,Abu Dhabi Grand Prix,yas_marina,2019-12-01,grosjean,Romain Grosjean,haas,15,15,15,+1 Lap,0.0,54
2019,21,Abu Dhabi Grand Prix,yas_marina,2019-12-01,giovinazzi,Antonio Giovinazzi,alfa,16,16,16,+1 Lap,0.0,54
2019,21,Abu Dhabi Grand Prix,yas_marina,2019-12-01,russell,George Russell,williams,18,17,17,+1 Lap,0.0,54
2019,21,Abu Dhabi Grand Prix,yas_marina,2019-12-01,gasly,Pierre Gasly,toro_rosso,11,18,18,+2 Laps,0.0,53
2019,21,Abu Dhabi Grand Prix,yas_marina,2019-12-01,kubica,Robert Kubica,williams,19,19,19,+2 Laps,0.0,53
2019,21,Abu Dhabi Grand Prix,yas_marina,2019-12-01,stroll,Lance Stroll,racing_point,12,20,R,Brakes,0.0,45
2020,1,Austrian Grand Prix,red_bull_ring,2020-07-05,bottas,Valtteri Bottas,mercedes,1,1,1,Finished,25.0,71
2020,1,Austrian Grand Prix,red_bull_ring,2020-07-05,leclerc,Charles Leclerc,ferrari,7,2,2,Finished,18.0,71
2020,1,Austrian Grand Prix,red_bull_ring,2020-07-05,norris,Lando Norris,mclaren,3,3,3,Finished,16.0,71
2020,1,Austrian Grand Prix,red_bull_ring,2020-07-05,hamilton,Lewis Hamilton,mercedes,5,4,4,Finished,12.0,71
2020,1,Austrian Grand Prix,red_bull_ring,2020-07-05,sainz,Carlos Sainz,mclaren,8,5,5,Finished,10.0,71
2020,1,Austrian Grand Prix,red_bull_ring,2020-07-05,perez,Sergio Pérez,racing_point,6,6,6,Finished,8.0,71
2020,1,Austrian Grand Prix,red_bull_ring,2020-07-05,gasly,Pierre Gasly,alphatauri,12,7,7,Finished,6.0,71
2020,1,Austrian Grand Prix,red_bull_ring,2020-07-05,ocon,Esteban Ocon,renault,14,8,8,Finished,4.0,71
2020,1,Austrian Grand Prix,red_bull_ring,2020-07-05,giovinazzi,Antonio Giovinazzi,alfa,18,9,9,Finished,2.0,71
2020,1,Austrian Grand Prix,red_bull_ring,2020-07-05,vettel,Sebastian Vettel,ferrari,11,10,10,Finished,1.0,71
2020,1,Austrian Grand Prix,red_bull_ring,2020-07-05,latifi,Nicholas Latifi,williams,20,11,11,Finished,0.0,71
2020,1,Austrian Grand Prix,red_bull_ring,2020-07-05,kvyat,Daniil Kvyat,alphatauri,13,12,12,Suspension,0.0,69
2020,1,Austrian Grand Prix,red_bull_ring,2020-07-05,albon,Alexander Albon,red_bull,4,13,13,Electronics,0.0,67
2020,1,Austrian Grand Prix,red_bull_ring,2020-07-05,raikkonen,Kimi Räikkönen,alfa,19,14,R,Wheel,0.0,53
2020,1,Austrian Grand Prix,red_bull_ring,2020-07-05,russell,George Russell,williams,17,15,R,Fuel pressure,0.0,49
2020,1,Austrian Grand Prix,red_bull_ring,2020-07-05,grosjean,Romain Grosjean,haas,15,16,R,Brakes,0.0,49
2020,1,Austrian Grand Prix,red_bull_ring,2020-07-05,kevin_magnussen,Kevin Magnussen,haas,16,17,R,Brakes,0.0,24
2020,1,Austrian Grand Prix,red_bull_ring,2020-07-05,stroll,Lance Stroll,racing_point,9,18,R,Engine,0.0,20
2020,1,Austrian Grand Prix,red_bull_ring,2020-07-05,ricciardo,Daniel Ricciardo,renault,10,19,R,Overheating,0.0,17
2020,1,Austrian Grand Prix,red_bull_ring,2020-07-05,max_verstappen,Max Verstappen,red_bull,2,20,R,Electronics,0.0,11
2020,2,Styrian Grand Prix,red_bull_ring,2020-07-12,hamilton,Lewis Hamilton,mercedes,1,1,1,Finished,25.0,71
2020,2,Styrian Grand Prix,red_bull_ring,2020-07-12,bottas,Valtteri Bottas,mercedes,4,2,2,Finished,18.0,71
2020,2,Styrian Grand Prix,red_bull_ring,2020-07-12,max_verstappen,Max Verstappen,red_bull,2,3,3,Finished,15.0,71
2020,2,Styrian Grand Prix,red_bull_ring,2020-07-12,albon,Alexander Albon,red_bull,6,4,4,Finished,12.0,71
2020,2,Styrian Grand Prix,red_bull_ring,2020-07-12,norris,Lando Norris,mclaren,9,5,5,Finished,10.0,71
2020,2,Styrian Grand Prix,red_bull_ring,2020-07-12,perez,Sergio Pérez,racing_point,17,6,6,Finished,8.0,71
2020,2,Styrian Grand Prix,red_bull_ring,2020-07-12,stroll,Lance Stroll,racing_point,12,7,7,Finished,6.0,71
2020,2,Styrian Grand Prix,red_bull_ring,2020-07-12,ricciardo,Daniel Ricciardo,renault,8,8,8,Finished,4.0,71
2020,2,Styrian Grand Prix,red_bull_ring,2020-07-12,sainz,Carlos Sainz,mclaren,3,9,9,+1 Lap,3.0,70
2020,2,Styrian Grand Prix,red_bull_ring,2020-07-12,kvyat,Daniil Kvyat,alphatauri,13,10,10,+1 Lap,1.0,70
2020,2,Styrian Grand Prix,red_bull_ring,2020-07-12,raikkonen,Kimi Räikkönen,alfa,16,11,11,+1 Lap,0.0,70
2020,2,Styrian Grand Prix,red_bull_ring,2020-07-12,kevin_magnussen,Kevin Magnussen,haas,15,12,12,+1 Lap,0.0,70
2020,2,Styrian Grand Prix,red_bull_ring,2020-07-12,grosjean,Romain Grosjean,haas,0,13,13,+1 Lap,0.0,70
2020,2,Styrian Grand Prix,red_bull_ring,2020-07-12,giovinazzi,Antonio Giovinazzi,alfa,19,14,14,+1 Lap,0.0,70
2020,2,Styrian Grand Prix,red_bull_ring,2020-07-12,gasly,Pierre Gasly,alphatauri,7,15,15,+1 Lap,0.0,70
2020,2,Styrian Grand Prix,red_bull_ring,2020-07-12,russell,George Russell,williams,11,16,16,+2 Laps,0.0,69
2020,2,Styrian Grand Prix,red_bull_ring,2020-07-12,latifi,Nicholas Latifi,williams,18,17,17,+2 Laps,0.0,69
2020,2,Styrian Grand Prix,red_bull_ring,2020-07-12,ocon,Esteban Ocon,renault,5,18,R,Overheating,0.0,25
2020,2,Styrian Grand Prix,red_bull_ring,2020-07-12,leclerc,Charles Leclerc,ferrari,14,19,R,Collision damage,0.0,4
2020,2,Styrian Grand Prix,red_bull_ring,2020-07-12,vettel,Sebastian Vettel,ferrari,10,20,R,Collision damage,0.0,1
2020,3,Hungarian Grand Prix,hungaroring,2020-07-19,hamilton,Lewis Hamilton,mercedes,1,1,1,Finished,26.0,70
2020,3,Hungarian Grand Prix,hungaroring,2020-07-19,max_verstappen,Max Verstappen,red_bull,7,2,2,Finished,18.0,70
2020,3,Hungarian Grand Prix,hungaroring,2020-07-19,bottas,Valtteri Bottas,mercedes,2,3,3,Finished,15.0,70
2020,3,Hungarian Grand Prix,hungaroring,2020-07-19,stroll,Lance Stroll,racing_point,3,4,4,Finished,12.0,70
2020,3,Hungarian Grand Prix,hungaroring,2020-07-19,albon,Alexander Albon,red_bull,13,5,5,Finished,10.0,70
2020,3,Hungarian Grand Prix,hungaroring,2020-07-19,vettel,Sebastian Vettel,ferrari,5,6,6,+1 Lap,8.0,69
2020,3,Hungarian Grand Prix,hungaroring,2020-07-19,perez,Sergio Pérez,racing_point,4,7,7,+1 Lap,6.0,69
2020,3,Hungarian Grand Prix,hungaroring,2020-07-19,ricciardo,Daniel Ricciardo,renault,11,8,8,+1 Lap,4.0,69
2020,3,Hungarian Grand Prix,hungaroring,2020-07-19,sainz,Carlos Sainz,mclaren,9,9,9,+1 Lap,2.0,69
2020,3,Hungarian Grand Prix,hungaroring,2020-07-19,kevin_magnussen,Kevin Magnussen,haas,0,10,10,+1 Lap,1.0,69
2020,3,Hungarian Grand Prix,hungaroring,2020-07-19,leclerc,Charles Leclerc,ferrari,6,11,11,+1 Lap,0.0,69
2020,3,Hungarian Grand Prix,hungaroring,2020-07-19,kvyat,Daniil Kvyat,alphatauri,17,12,12,+1 Lap,0.0,69
2020,3,Hungarian Grand Prix,hungaroring,2020-07-19,norris,Lando Norris,mclaren,8,13,13,+1 Lap,0.0,69
2020,3,Hungarian Grand Prix,hungaroring,2020-07-19,ocon,Esteban Ocon,renault,14,14,14,+1 Lap,0.0,69
2020,3,Hungarian Grand Prix,hungaroring,2020-07-19,raikkonen,Kimi Räikkönen,alfa,20,15,15,+1 Lap,0.0,69
2020,3,Hungarian Grand Prix,hungaroring,2020-07-19,grosjean,Romain Grosjean,haas,0,16,16,+1 Lap,0.0,69
2020,3,Hungarian Grand Prix,hungaroring,2020-07-19,giovinazzi,Antonio Giovinazzi,alfa,19,17,17,+1 Lap,0.0,69
2020,3,Hungarian Grand Prix,hungaroring,2020-07-19,russell,George Russell,williams,12,18,18,+1 Lap,0.0,69
2020,3,Hungarian Grand Prix,hungaroring,2020-07-19,latifi,Nicholas Latifi,williams,15,19,19,+5 Laps,0.0,65
2020,3,Hungarian Grand Prix,hungaroring,2020-07-19,gasly,Pierre Gasly,alphatauri,10,20,R,Engine,0.0,15
2020,4,British Grand Prix,silverstone,2020-08-02,hamilton,Lewis Hamilton,mercedes,1,1,1,Finished,25.0,52
2020,4,British Grand Prix,silverstone,2020-08-02,max_verstappen,Max Verstappen,red_bull,3,2,2,Finished,19.0,52
2020,4,British Grand Prix,silverstone,2020-08-02,leclerc,Charles Leclerc,ferrari,4,3,3,Finished,15.0,52
2020,4,British Grand Prix,silverstone,2020-08-02,ricciardo,Daniel Ricciardo,renault,8,4,4,Finished,12.0,52
2020,4,British Grand Prix,silverstone,2020-08-02,norris,Lando Norris,mclaren,5,5,5,Finished,10.0,52
2020,4,British Grand Prix,silverstone,2020-08-02,ocon,Esteban Ocon,renault,9,6,6,Finished,8.0,52
2020,4,British Grand Prix,silverstone,2020-08-02,gasly,Pierre Gasly,alphatauri,11,7,7,Finished,6.0,52
2020,4,British Grand Prix,silverstone,2020-08-02,albon,Alexander Albon,red_bull,12,8,8,Finished,4.0,52
2020,4,British Grand Prix,silverstone,2020-08-02,stroll,Lance Stroll,racing_point,6,9,9,Finished,2.0,52
2020,4,British Grand Prix,silverstone,2020-08-02,vettel,Sebastian Vettel,ferrari,10,10,10,Finished,1.0,52
2020,4,British Grand Prix,silverstone,2020-08-02,bottas,Valtteri Bottas,mercedes,2,11,11,Finished,0.0,52
2020,4,British Grand Prix,silverstone,2020-08-02,russell,George Russell,williams,20,12,12,Finished,0.0,52
2020,4,British Grand Prix,silverstone,2020-08-02,sainz,Carlos Sainz,mclaren,7,13,13,Finished,0.0,52
2020,4,British Grand Prix,silverstone,2020-08-02,giovinazzi,Antonio Giovinazzi,alfa,15,14,14,Finished,0.0,52
2020,4,British Grand Prix,silverstone,2020-08-02,latifi,Nicholas Latifi,williams,18,15,15,Finished,0.0,52
2020,4,British Grand Prix,silverstone,2020-08-02,grosjean,Romain Grosjean,haas,17,16,16,Finished,0.0,52
2020,4,British Grand Prix,silverstone,2020-08-02,raikkonen,Kimi Räikkönen,alfa,16,17,17,+1 Lap,0.0,51
2020,4,British Grand Prix,silverstone,2020-08-02,kvyat,Daniil Kvyat,alphatauri,19,18,R,Accident,0.0,11
2020,4,British Grand Prix,silverstone,2020-08-02,kevin_magnussen,Kevin Magnussen,haas,14,19,R,Collision,0.0,1
2020,4,British Grand Prix,silverstone,2020-08-02,hulkenberg,Nico Hülkenberg,racing_point,13,20,W,Power Unit,0.0,0
2020,5,70th Anniversary Grand Prix,silverstone,2020-08-09,max_verstappen,Max Verstappen,red_bull,4,1,1,Finished,25.0,52
2020,5,70th Anniversary Grand Prix,silverstone,2020-08-09,hamilton,Lewis Hamilton,mercedes,2,2,2,Finished,19.0,52
2020,5,70th Anniversary Grand Prix,silverstone,2020-08-09,bottas,Valtteri Bottas,mercedes,1,3,3,Finished,15.0,52
2020,5,70th Anniversary Grand Prix,silverstone,2020-08-09,leclerc,Charles Leclerc,ferrari,8,4,4,Finished,12.0,52
2020,5,70th Anniversary Grand Prix,silverstone,2020-08-09,albon,Alexander Albon,red_bull,9,5,5,Finished,10.0,52
2020,5,70th Anniversary Grand Prix,silverstone,2020-08-09,stroll,Lance Stroll,racing_point,6,6,6,Finished,8.0,52
2020,5,70th Anniversary Grand Prix,silverstone,2020-08-09,hulkenberg,Nico Hülkenberg,racing_point,3,7,7,Finished,6.0,52
2020,5,70th Anniversary Grand Prix,silverstone,2020-08-09,ocon,Esteban Ocon,renault,14,8,8,Finished,4.0,52
2020,5,70th Anniversary Grand Prix,silverstone,2020-08-09,norris,Lando Norris,mclaren,10,9,9,Finished,2.0,52
2020,5,70th Anniversary Grand Prix,silverstone,2020-08-09,kvyat,Daniil Kvyat,alphatauri,16,10,10,Finished,1.0,52
2020,5,70th Anniversary Grand Prix,silverstone,2020-08-09,gasly,Pierre Gasly,alphatauri,7,11,11,Finished,0.0,52
2020,5,70th Anniversary Grand Prix,silverstone,2020-08-09,vettel,Sebastian Vettel,ferrari,11,12,12,Finished,0.0,52
2020,5,70th Anniversary Grand Prix,silverstone,2020-08-09,sainz,Carlos Sainz,mclaren,12,13,13,Finished,0.0,52
2020,5,70th Anniversary Grand Prix,silverstone,2020-08-09,ricciardo,Daniel Ricciardo,renault,5,14,14,+1 Lap,0.0,51
2020,5,70th Anniversary Grand Prix,silverstone,2020-08-09,raikkonen,Kimi Räikkönen,alfa,20,15,15,+1 Lap,0.0,51
2020,5,70th Anniversary Grand Prix,silverstone,2020-08-09,grosjean,Romain Grosjean,haas,13,16,16,+1 Lap,0.0,51
2020,5,70th Anniversary Grand Prix,silverstone,2020-08-09,giovinazzi,Antonio Giovinazzi,alfa,19,17,17,+1 Lap,0.0,51
2020,5,70th Anniversary Grand Prix,silverstone,2020-08-09,russell,George Russell,williams,15,18,18,+1 Lap,0.0,51
2020,5,70th Anniversary Grand Prix,silverstone,2020-08-09,latifi,Nicholas Latifi,williams,18,19,19,+1 Lap,0.0,51
2020,5,70th Anniversary Grand Prix,silverstone,2020-08-09,kevin_magnussen,Kevin Magnussen,haas,17,20,R,Retired,0.0,43
2020,6,Spanish Grand Prix,catalunya,2020-08-16,hamilton,Lewis Hamilton,mercedes,1,1,1,Finished,25.0,66
2020,6,Spanish Grand Prix,catalunya,2020-08-16,max_verstappen,Max Verstappen,red_bull,3,2,2,Finished,18.0,66
2020,6,Spanish Grand Prix,catalunya,2020-08-16,bottas,Valtteri Bottas,mercedes,2,3,3,Finished,16.0,66
2020,6,Spanish Grand Prix,catalunya,2020-08-16,stroll,Lance Stroll,racing_point,5,4,4,+1 Lap,12.0,65
2020,6,Spanish Grand Prix,catalunya,2020-08-16,perez,Sergio Pérez,racing_point,4,5,5,+1 Lap,10.0,65
2020,6,Spanish Grand Prix,catalunya,2020-08-16,sainz,Carlos Sainz,mclaren,7,6,6,+1 Lap,8.0,65
2020,6,Spanish Grand Prix,catalunya,2020-08-16,vettel,Sebastian Vettel,ferrari,11,7,7,+1 Lap,6.0,65
2020,6,Spanish Grand Prix,catalunya,2020-08-16,albon,Alexander Albon,red_bull,6,8,8,+1 Lap,4.0,65
2020,6,Spanish Grand Prix,catalunya,2020-08-16,gasly,Pierre Gasly,alphatauri,10,9,9,+1 Lap,2.0,65
2020,6,Spanish Grand Prix,catalunya,2020-08-16,norris,Lando Norris,mclaren,8,10,10,+1 Lap,1.0,65
2020,6,Spanish Grand Prix,catalunya,2020-08-16,ricciardo,Daniel Ricciardo,renault,13,11,11,+1 Lap,0.0,65
2020,6,Spanish Grand Prix,catalunya,2020-08-16,kvyat,Daniil Kvyat,alphatauri,12,12,12,+1 Lap,0.0,65
2020,6,Spanish Grand Prix,catalunya,2020-08-16,ocon,Esteban Ocon,renault,15,13,13,+1 Lap,0.0,65
2020,6,Spanish Grand Prix,catalunya,2020-08-16,raikkonen,Kimi Räikkönen,alfa,14,14,14,+1 Lap,0.0,65
2020,6,Spanish Grand Prix,catalunya,2020-08-16,kevin_magnussen,Kevin Magnussen,haas,16,15,15,+1 Lap,0.0,65
2020,6,Spanish Grand Prix,catalunya,2020-08-16,giovinazzi,Antonio Giovinazzi,alfa,20,16,16,+1 Lap,0.0,65
2020,6,Spanish Grand Prix,catalunya,2020-08-16,russell,George Russell,williams,18,17,17,+1 Lap,0.0,65
2020,6,Spanish Grand Prix,catalunya,2020-08-16,latifi,Nicholas Latifi,williams,19,18,18,+2 Laps,0.0,64
2020,6,Spanish Grand Prix,catalunya,2020-08-16,grosjean,Romain Grosjean,haas,17,19,19,+2 Laps,0.0,64
2020,6,Spanish Grand Prix,catalunya,2020-08-16,leclerc,Charles Leclerc,ferrari,9,20,R,Electronics,0.0,38
2020,7,Belgian Grand Prix,spa,2020-08-30,hamilton,Lewis Hamilton,mercedes,1,1,1,Finished,25.0,44
2020,7,Belgian Grand Prix,spa,2020-08-30,bottas,Valtteri Bottas,mercedes,2,2,2,Finished,18.0,44
2020,7,Belgian Grand Prix,spa,2020-08-30,max_verstappen,Max Verstappen,red_bull,3,3,3,Finished,15.0,44
2020,7,Belgian Grand Prix,spa,2020-08-30,ricciardo,Daniel Ricciardo,renault,4,4,4,Finished,13.0,44
2020,7,Belgian Grand Prix,spa,2020-08-30,ocon,Esteban Ocon,renault,6,5,5,Finished,10.0,44
2020,7,Belgian Grand Prix,spa,2020-08-30,albon,Alexander Albon,red_bull,5,6,6,Finished,8.0,44
2020,7,Belgian Grand Prix,spa,2020-08-30,norris,Lando Norris,mclaren,10,7,7,Finished,6.0,44
2020,7,Belgian Grand Prix,spa,2020-08-30,gasly,Pierre Gasly,alphatauri,12,8,8,Finished,4.0,44
2020,7,Belgian Grand Prix,spa,2020-08-30,stroll,Lance Stroll,racing_point,9,9,9,Finished,2.0,44
2020,7,Belgian Grand Prix,spa,2020-08-30,perez,Sergio Pérez,racing_point,8,10,10,Finished,1.0,44
2020,7,Belgian Grand Prix,spa,2020-08-30,kvyat,Daniil Kvyat,alphatauri,11,11,11,Finished,0.0,44
2020,7,Belgian Grand Prix,spa,2020-08-30,raikkonen,Kimi Räikkönen,alfa,16,12,12,Finished,0.0,44
2020,7,Belgian Grand Prix,spa,2020-08-30,vettel,Sebastian Vettel,ferrari,14,13,13,Finished,0.0,44
2020,7,Belgian Grand Prix,spa,2020-08-30,leclerc,Charles Leclerc,ferrari,13,14,14,Finished,0.0,44
2020,7,Belgian Grand Prix,spa,2020-08-30,grosjean,Romain Grosjean,haas,17,15,15,Finished,0.0,44
2020,7,Belgian Grand Prix,spa,2020-08-30,latifi,Nicholas Latifi,williams,19,16,16,Finished,0.0,44
2020,7,Belgian Grand Prix,spa,2020-08-30,kevin_magnussen,Kevin Magnussen,haas,20,17,17,Finished,0.0,44
2020,7,Belgian Grand Prix,spa,2020-08-30,giovinazzi,Antonio Giovinazzi,alfa,18,18,R,Accident,0.0,9
2020,7,Belgian Grand Prix,spa,2020-08-30,russell,George Russell,williams,15,19,R,Debris,0.0,9
2020,7,Belgian Grand Prix,spa,2020-08-30,sainz,Carlos Sainz,mclaren,7,20,W,Exhaust,0.0,0
2020,8,Italian Grand Prix,monza,2020-09-06,gasly,Pierre Gasly,alphatauri,10,1,1,Finished,25.0,53
2020,8,Italian Grand Prix,monza,2020-09-06,sainz,Carlos Sainz,mclaren,3,2,2,Finished,18.0,53
2020,8,Italian Grand Prix,monza,2020-09-06,stroll,Lance Stroll,racing_point,8,3,3,Finished,15.0,53
2020,8,Italian Grand Prix,monza,2020-09-06,norris,Lando Norris,mclaren,6,4,4,Finished,12.0,53
2020,8,Italian Grand Prix,monza,2020-09-06,bottas,Valtteri Bottas,mercedes,2,5,5,Finished,10.0,53
2020,8,Italian Grand Prix,monza,2020-09-06,ricciardo,Daniel Ricciardo,renault,7,6,6,Finished,8.0,53
2020,8,Italian Grand Prix,monza,2020-09-06,hamilton,Lewis Hamilton,mercedes,1,7,7,Finished,7.0,53
2020,8,Italian Grand Prix,monza,2020-09-06,ocon,Esteban Ocon,renault,12,8,8,Finished,4.0,53
2020,8,Italian Grand Prix,monza,2020-09-06,kvyat,Daniil Kvyat,alphatauri,11,9,9,Finished,2.0,53
2020,8,Italian Grand Prix,monza,2020-09-06,perez,Sergio Pérez,racing_point,4,10,10,Finished,1.0,53
2020,8,Italian Grand Prix,monza,2020-09-06,latifi,Nicholas Latifi,williams,20,11,11,Finished,0.0,53
2020,8,Italian Grand Prix,monza,2020-09-06,grosjean,Romain Grosjean,haas,16,12,12,Finished,0.0,53
2020,8,Italian Grand Prix,monza,2020-09-06,raikkonen,Kimi Räikkönen,alfa,14,13,13,Finished,0.0,53
2020,8,Italian Grand Prix,monza,2020-09-06,russell,George Russell,williams,19,14,14,Finished,0.0,53
2020,8,Italian Grand Prix,monza,2020-09-06,albon,Alexander Albon,red_bull,9,15,15,Finished,0.0,53
2020,8,Italian Grand Prix,monza,2020-09-06,giovinazzi,Antonio Giovinazzi,alfa,18,16,16,Finished,0.0,53
2020,8,Italian Grand Prix,monza,2020-09-06,max_verstappen,Max Verstappen,red_bull,5,17,R,Power Unit,0.0,30
2020,8,Italian Grand Prix,monza,2020-09-06,leclerc,Charles Leclerc,ferrari,13,18,R,Accident,0.0,23
2020,8,Italian Grand Prix,monza,2020-09-06,kevin_magnussen,Kevin Magnussen,haas,15,19,R,Power Unit,0.0,17
2020,8,Italian Grand Prix,monza,2020-09-06,vettel,Sebastian Vettel,ferrari,17,20,R,Brakes,0.0,6
2020,9,Tuscan Grand Prix,mugello,2020-09-13,hamilton,Lewis Hamilton,mercedes,1,1,1,Finished,26.0,59
2020,9,Tuscan Grand Prix,mugello,2020-09-13,bottas,Valtteri Bottas,mercedes,2,2,2,Finished,18.0,59
2020,9,Tuscan Grand Prix,mugello,2020-09-13,albon,Alexander Albon,red_bull,4,3,3,Finished,15.0,59
2020,9,Tuscan Grand Prix,mugello,2020-09-13,ricciardo,Daniel Ricciardo,renault,8,4,4,Finished,12.0,59
2020,9,Tuscan Grand Prix,mugello,2020-09-13,perez,Sergio Pérez,racing_point,7,5,5,Finished,10.0,59
2020,9,Tuscan Grand Prix,mugello,2020-09-13,norris,Lando Norris,mclaren,11,6,6,Finished,8.0,59
2020,9,Tuscan Grand Prix,mugello,2020-09-13,kvyat,Daniil Kvyat,alphatauri,12,7,7,Finished,6.0,59
2020,9,Tuscan Grand Prix,mugello,2020-09-13,leclerc,Charles Leclerc,ferrari,5,8,8,Finished,4.0,59
2020,9,Tuscan Grand Prix,mugello,2020-09-13,raikkonen,Kimi Räikkönen,alfa,13,9,9,Finished,2.0,59
2020,9,Tuscan Grand Prix,mugello,2020-09-13,vettel,Sebastian Vettel,ferrari,14,10,10,Finished,1.0,59
2020,9,Tuscan Grand Prix,mugello,2020-09-13,russell,George Russell,williams,18,11,11,Finished,0.0,59
2020,9,Tuscan Grand Prix,mugello,2020-09-13,grosjean,Romain Grosjean,haas,15,12,12,Finished,0.0,59
2020,9,Tuscan Grand Prix,mugello,2020-09-13,stroll,Lance Stroll,racing_point,6,13,R,Puncture,0.0,42
2020,9,Tuscan Grand Prix,mugello,2020-09-13,ocon,Esteban Ocon,renault,10,14,R,Brakes,0.0,7
2020,9,Tuscan Grand Prix,mugello,2020-09-13,latifi,Nicholas Latifi,williams,19,15,R,Collision,0.0,6
2020,9,Tuscan Grand Prix,mugello,2020-09-13,kevin_magnussen,Kevin Magnussen,haas,20,16,R,Collision,0.0,5
2020,9,Tuscan Grand Prix,mugello,2020-09-13,giovinazzi,Antonio Giovinazzi,alfa,17,17,R,Collision,0.0,5
2020,9,Tuscan Grand Prix,mugello,2020-09-13,sainz,Carlos Sainz,mclaren,9,18,R,Collision,0.0,5
2020,9,Tuscan Grand Prix,mugello,2020-09-13,max_verstappen,Max Verstappen,red_bull,3,19,R,Collision,0.0,0
2020,9,Tuscan Grand Prix,mugello,2020-09-13,gasly,Pierre Gasly,alphatauri,16,20,R,Collision,0.0,0
2020,10,Russian Grand Prix,sochi,2020-09-27,bottas,Valtteri Bottas,mercedes,3,1,1,Finished,26.0,53
2020,10,Russian Grand Prix,sochi,2020-09-27,max_verstappen,Max Verstappen,red_bull,2,2,2,Finished,18.0,53
2020,10,Russian Grand Prix,sochi,2020-09-27,hamilton,Lewis Hamilton,mercedes,1,3,3,Finished,15.0,53
2020,10,Russian Grand Prix,sochi,2020-09-27,perez,Sergio Pérez,racing_point,4,4,4,Finished,12.0,53
2020,10,Russian Grand Prix,sochi,2020-09-27,ricciardo,Daniel Ricciardo,renault,5,5,5,Finished,10.0,53
2020,10,Russian Grand Prix,sochi,2020-09-27,leclerc,Charles Leclerc,ferrari,10,6,6,Finished,8.0,53
2020,10,Russian Grand Prix,sochi,2020-09-27,ocon,Esteban Ocon,renault,7,7,7,Finished,6.0,53
2020,10,Russian Grand Prix,sochi,2020-09-27,kvyat,Daniil Kvyat,alphatauri,11,8,8,Finished,4.0,53
2020,10,Russian Grand Prix,sochi,2020-09-27,gasly,Pierre Gasly,alphatauri,9,9,9,Finished,2.0,53
2020,10,Russian Grand Prix,sochi,2020-09-27,albon,Alexander Albon,red_bull,15,10,10,Finished,1.0,53
2020,10,Russian Grand Prix,sochi,2020-09-27,giovinazzi,Antonio Giovinazzi,alfa,17,11,11,+1 Lap,0.0,52
2020,10,Russian Grand Prix,sochi,2020-09-27,kevin_magnussen,Kevin Magnussen,haas,18,12,12,+1 Lap,0.0,52
2020,10,Russian Grand Prix,sochi,2020-09-27,vettel,Sebastian Vettel,ferrari,14,13,13,+1 Lap,0.0,52
2020,10,Russian Grand Prix,sochi,2020-09-27,raikkonen,Kimi Räikkönen,alfa,19,14,14,+1 Lap,0.0,52
2020,10,Russian Grand Prix,sochi,2020-09-27,norris,Lando Norris,mclaren,8,15,15,+1 Lap,0.0,52
2020,10,Russian Grand Prix,sochi,2020-09-27,latifi,Nicholas Latifi,williams,20,16,16,+1 Lap,0.0,52
2020,10,Russian Grand Prix,sochi,2020-09-27,grosjean,Romain Grosjean,haas,16,17,17,+1 Lap,0.0,52
2020,10,Russian Grand Prix,sochi,2020-09-27,russell,George Russell,williams,13,18,18,+1 Lap,0.0,52
2020,10,Russian Grand Prix,sochi,2020-09-27,sainz,Carlos Sainz,mclaren,6,19,R,Accident,0.0,0
2020,10,Russian Grand Prix,sochi,2020-09-27,stroll,Lance Stroll,racing_point,12,20,R,Collision,0.0,0
2020,11,Eifel Grand Prix,nurburgring,2020-10-11,hamilton,Lewis Hamilton,mercedes,2,1,1,Finished,25.0,60
2020,11,Eifel Grand Prix,nurburgring,2020-10-11,max_verstappen,Max Verstappen,red_bull,3,2,2,Finished,19.0,60
2020,11,Eifel Grand Prix,nurburgring,2020-10-11,ricciardo,Daniel Ricciardo,renault,6,3,3,Finished,15.0,60
2020,11,Eifel Grand Prix,nurburgring,2020-10-11,perez,Sergio Pérez,racing_point,9,4,4,Finished,12.0,60
2020,11,Eifel Grand Prix,nurburgring,2020-10-11,sainz,Carlos Sainz,mclaren,10,5,5,Finished,10.0,60
2020,11,Eifel Grand Prix,nurburgring,2020-10-11,gasly,Pierre Gasly,alphatauri,12,6,6,Finished,8.0,60
2020,11,Eifel Grand Prix,nurburgring,2020-10-11,leclerc,Charles Leclerc,ferrari,4,7,7,Finished,6.0,60
2020,11,Eifel Grand Prix,nurburgring,2020-10-11,hulkenberg,Nico Hülkenberg,racing_point,20,8,8,Finished,4.0,60
2020,11,Eifel Grand Prix,nurburgring,2020-10-11,grosjean,Romain Grosjean,haas,16,9,9,Finished,2.0,60
2020,11,Eifel Grand Prix,nurburgring,2020-10-11,giovinazzi,Antonio Giovinazzi,alfa,14,10,10,Finished,1.0,60
2020,11,Eifel Grand Prix,nurburgring,2020-10-11,vettel,Sebastian Vettel,ferrari,11,11,11,Finished,0.0,60
2020,11,Eifel Grand Prix,nurburgring,2020-10-11,raikkonen,Kimi Räikkönen,alfa,19,12,12,Finished,0.0,60
2020,11,Eifel Grand Prix,nurburgring,2020-10-11,kevin_magnussen,Kevin Magnussen,haas,15,13,13,Finished,0.0,60
2020,11,Eifel Grand Prix,nurburgring,2020-10-11,latifi,Nicholas Latifi,williams,18,14,14,Finished,0.0,60
2020,11,Eifel Grand Prix,nurburgring,2020-10-11,kvyat,Daniil Kvyat,alphatauri,13,15,15,Finished,0.0,60
2020,11,Eifel Grand Prix,nurburgring,2020-10-11,norris,Lando Norris,mclaren,8,16,R,Power Unit,0.0,42
2020,11,Eifel Grand Prix,nurburgring,2020-10-11,albon,Alexander Albon,red_bull,5,17,R,Radiator,0.0,23
2020,11,Eifel Grand Prix,nurburgring,2020-10-11,ocon,Esteban Ocon,renault,7,18,R,Gearbox,0.0,22
2020,11,Eifel Grand Prix,nurburgring,2020-10-11,bottas,Valtteri Bottas,mercedes,1,19,R,Power Unit,0.0,18
2020,11,Eifel Grand Prix,nurburgring,2020-10-11,russell,George Russell,williams,17,20,R,Collision,0.0,12
2020,12,Portuguese Grand Prix,portimao,2020-10-25,hamilton,Lewis Hamilton,mercedes,1,1,1,Finished,26.0,66
2020,12,Portuguese Grand Prix,portimao,2020-10-25,bottas,Valtteri Bottas,mercedes,2,2,2,Finished,18.0,66
2020,12,Portuguese Grand Prix,portimao,2020-10-25,max_verstappen,Max Verstappen,red_bull,3,3,3,Finished,15.0,66
2020,12,Portuguese Grand Prix,portimao,2020-10-25,leclerc,Charles Leclerc,ferrari,4,4,4,Finished,12.0,66
2020,12,Portuguese Grand Prix,portimao,2020-10-25,gasly,Pierre Gasly,alphatauri,9,5,5,+1 Lap,10.0,65
2020,12,Portuguese Grand Prix,portimao,2020-10-25,sainz,Carlos Sainz,mclaren,7,6,6,+1 Lap,8.0,65
2020,12,Portuguese Grand Prix,portimao,2020-10-25,perez,Sergio Pérez,racing_point,5,7,7,+1 Lap,6.0,65
2020,12,Portuguese Grand Prix,portimao,2020-10-25,ocon,Esteban Ocon,renault,11,8,8,+1 Lap,4.0,65
2020,12,Portuguese Grand Prix,portimao,2020-10-25,ricciardo,Daniel Ricciardo,renault,10,9,9,+1 Lap,2.0,65
2020,12,Portuguese Grand Prix,portimao,2020-10-25,vettel,Sebastian Vettel,ferrari,15,10,10,+1 Lap,1.0,65
2020,12,Portuguese Grand Prix,portimao,2020-10-25,raikkonen,Kimi Räikkönen,alfa,16,11,11,+1 Lap,0.0,65
2020,12,Portuguese Grand Prix,portimao,2020-10-25,albon,Alexander Albon,red_bull,6,12,12,+1 Lap,0.0,65
2020,12,Portuguese Grand Prix,portimao,2020-10-25,norris,Lando Norris,mclaren,8,13,13,+1 Lap,0.0,65
2020,12,Portuguese Grand Prix,portimao,2020-10-25,russell,George Russell,williams,14,14,14,+1 Lap,0.0,65
2020,12,Portuguese Grand Prix,portimao,2020-10-25,giovinazzi,Antonio Giovinazzi,alfa,17,15,15,+1 Lap,0.0,65
2020,12,Portuguese Grand Prix,portimao,2020-10-25,kevin_magnussen,Kevin Magnussen,haas,19,16,16,+1 Lap,0.0,65
2020,12,Portuguese Grand Prix,portimao,2020-10-25,grosjean,Romain Grosjean,haas,18,17,17,+1 Lap,0.0,65
2020,12,Portuguese Grand Prix,portimao,2020-10-25,latifi,Nicholas Latifi,williams,20,18,18,+2 Laps,0.0,64
2020,12,Portuguese Grand Prix,portimao,2020-10-25,kvyat,Daniil Kvyat,alphatauri,13,19,19,+2 Laps,0.0,64
2020,12,Portuguese Grand Prix,portimao,2020-10-25,stroll,Lance Stroll,racing_point,12,20,R,Collision damage,0.0,51
2020,13,Emilia Romagna Grand Prix,imola,2020-11-01,hamilton,Lewis Hamilton,mercedes,2,1,1,Finished,26.0,63
2020,13,Emilia Romagna Grand Prix,imola,2020-11-01,bottas,Valtteri Bottas,mercedes,1,2,2,Finished,18.0,63
2020,13,Emilia Romagna Grand Prix,imola,2020-11-01,ricciardo,Daniel Ricciardo,renault,5,3,3,Finished,15.0,63
2020,13,Emilia Romagna Grand Prix,imola,2020-11-01,kvyat,Daniil Kvyat,alphatauri,8,4,4,Finished,12.0,63
2020,13,Emilia Romagna Grand Prix,imola,2020-11-01,leclerc,Charles Leclerc,ferrari,7,5,5,Finished,10.0,63
2020,13,Emilia Romagna Grand Prix,imola,2020-11-01,perez,Sergio Pérez,racing_point,11,6,6,Finished,8.0,63
2020,13,Emilia Romagna Grand Prix,imola,2020-11-01,sainz,Carlos Sainz,mclaren,10,7,7,Finished,6.0,63
2020,13,Emilia Romagna Grand Prix,imola,2020-11-01,norris,Lando Norris,mclaren,9,8,8,Finished,4.0,63
2020,13,Emilia Romagna Grand Prix,imola,2020-11-01,raikkonen,Kimi Räikkönen,alfa,18,9,9,Finished,2.0,63
2020,13,Emilia Romagna Grand Prix,imola,2020-11-01,giovinazzi,Antonio Giovinazzi,alfa,20,10,10,Finished,1.0,63
2020,13,Emilia Romagna Grand Prix,imola,2020-11-01,latifi,Nicholas Latifi,williams,19,11,11,Finished,0.0,63
2020,13,Emilia Romagna Grand Prix,imola,2020-11-01,vettel,Sebastian Vettel,ferrari,14,12,12,Finished,0.0,63
2020,13,Emilia Romagna Grand Prix,imola,2020-11-01,stroll,Lance Stroll,racing_point,15,13,13,Finished,0.0,63
2020,13,Emilia Romagna Grand Prix,imola,2020-11-01,grosjean,Romain Grosjean,haas,16,14,14,Finished,0.0,63
2020,13,Emilia Romagna Grand Prix,imola,2020-11-01,albon,Alexander Albon,red_bull,6,15,15,Finished,0.0,63
2020,13,Emilia Romagna Grand Prix,imola,2020-11-01,russell,George Russell,williams,13,16,R,Accident,0.0,51
2020,13,Emilia Romagna Grand Prix,imola,2020-11-01,max_verstappen,Max Verstappen,red_bull,3,17,R,Puncture,0.0,50
2020,13,Emilia Romagna Grand Prix,imola,2020-11-01,kevin_magnussen,Kevin Magnussen,haas,17,18,R,Illness,0.0,47
2020,13,Emilia Romagna Grand Prix,imola,2020-11-01,ocon,Esteban Ocon,renault,12,19,R,Gearbox,0.0,27
2020,13,Emilia Romagna Grand Prix,imola,2020-11-01,gasly,Pierre Gasly,alphatauri,4,20,R,Water pressure,0.0,8
2020,14,Turkish Grand Prix,istanbul,2020-11-15,hamilton,Lewis Hamilton,mercedes,6,1,1,Finished,25.0,58
2020,14,Turkish Grand Prix,istanbul,2020-11-15,perez,Sergio Pérez,racing_point,3,2,2,Finished,18.0,58
2020,14,Turkish Grand Prix,istanbul,2020-11-15,vettel,Sebastian Vettel,ferrari,11,3,3,Finished,15.0,58
2020,14,Turkish Grand Prix,istanbul,2020-11-15,leclerc,Charles Leclerc,ferrari,12,4,4,Finished,12.0,58
2020,14,Turkish Grand Prix,istanbul,2020-11-15,sainz,Carlos Sainz,mclaren,15,5,5,Finished,10.0,58
2020,14,Turkish Grand Prix,istanbul,2020-11-15,max_verstappen,Max Verstappen,red_bull,2,6,6,Finished,8.0,58
2020,14,Turkish Grand Prix,istanbul,2020-11-15,albon,Alexander Albon,red_bull,4,7,7,Finished,6.0,58
2020,14,Turkish Grand Prix,istanbul,2020-11-15,norris,Lando Norris,mclaren,14,8,8,Finished,5.0,58
2020,14,Turkish Grand Prix,istanbul,2020-11-15,stroll,Lance Stroll,racing_point,1,9,9,Finished,2.0,58
2020,14,Turkish Grand Prix,istanbul,2020-11-15,ricciardo,Daniel Ricciardo,renault,5,10,10,Finished,1.0,58
2020,14,Turkish Grand Prix,istanbul,2020-11-15,ocon,Esteban Ocon,renault,7,11,11,+1 Lap,0.0,57
2020,14,Turkish Grand Prix,istanbul,2020-11-15,kvyat,Daniil Kvyat,alphatauri,16,12,12,+1 Lap,0.0,57
2020,14,Turkish Grand Prix,istanbul,2020-11-15,gasly,Pierre Gasly,alphatauri,19,13,13,+1 Lap,0.0,57
2020,14,Turkish Grand Prix,istanbul,2020-11-15,bottas,Valtteri Bottas,mercedes,9,14,14,+1 Lap,0.0,57
2020,14,Turkish Grand Prix,istanbul,2020-11-15,raikkonen,Kimi Räikkönen,alfa,8,15,15,+1 Lap,0.0,57
2020,14,Turkish Grand Prix,istanbul,2020-11-15,russell,George Russell,williams,0,16,16,+1 Lap,0.0,57
2020,14,Turkish Grand Prix,istanbul,2020-11-15,kevin_magnussen,Kevin Magnussen,haas,13,17,17,Withdrew,0.0,55
2020,14,Turkish Grand Prix,istanbul,2020-11-15,grosjean,Romain Grosjean,haas,17,18,R,Collision damage,0.0,49
2020,14,Turkish Grand Prix,istanbul,2020-11-15,latifi,Nicholas Latifi,williams,0,19,R,Collision damage,0.0,39
2020,14,Turkish Grand Prix,istanbul,2020-11-15,giovinazzi,Antonio Giovinazzi,alfa,10,20,R,Gearbox,0.0,11
2020,15,Bahrain Grand Prix,bahrain,2020-11-29,hamilton,Lewis Hamilton,mercedes,1,1,1,Finished,25.0,57
2020,15,Bahrain Grand Prix,bahrain,2020-11-29,max_verstappen,Max Verstappen,red_bull,3,2,2,Finished,19.0,57
2020,15,Bahrain Grand Prix,bahrain,2020-11-29,albon,Alexander Albon,red_bull,4,3,3,Finished,15.0,57
2020,15,Bahrain Grand Prix,bahrain,2020-11-29,norris,Lando Norris,mclaren,9,4,4,Finished,12.0,57
2020,15,Bahrain Grand Prix,bahrain,2020-11-29,sainz,Carlos Sainz,mclaren,15,5,5,Finished,10.0,57
2020,15,Bahrain Grand Prix,bahrain,2020-11-29,gasly,Pierre Gasly,alphatauri,8,6,6,Finished,8.0,57
2020,15,Bahrain Grand Prix,bahrain,2020-11-29,ricciardo,Daniel Ricciardo,renault,6,7,7,Finished,6.0,57
2020,15,Bahrain Grand Prix,bahrain,2020-11-29,bottas,Valtteri Bottas,mercedes,2,8,8,Finished,4.0,57
2020,15,Bahrain Grand Prix,bahrain,2020-11-29,ocon,Esteban Ocon,renault,7,9,9,Finished,2.0,57
2020,15,Bahrain Grand Prix,bahrain,2020-11-29,leclerc,Charles Leclerc,ferrari,12,10,10,+1 Lap,1.0,56
2020,15,Bahrain Grand Prix,bahrain,2020-11-29,kvyat,Daniil Kvyat,alphatauri,10,11,11,+1 Lap,0.0,56
2020,15,Bahrain Grand Prix,bahrain,2020-11-29,russell,George Russell,williams,14,12,12,+1 Lap,0.0,56
2020,15,Bahrain Grand Prix,bahrain,2020-11-29,vettel,Sebastian Vettel,ferrari,11,13,13,+1 Lap,0.0,56
2020,15,Bahrain Grand Prix,bahrain,2020-11-29,latifi,Nicholas Latifi,williams,20,14,14,+1 Lap,0.0,56
2020,15,Bahrain Grand Prix,bahrain,2020-11-29,raikkonen,Kimi Räikkönen,alfa,17,15,15,+1 Lap,0.0,56
2020,15,Bahrain Grand Prix,bahrain,2020-11-29,giovinazzi,Antonio Giovinazzi,alfa,16,16,16,+1 Lap,0.0,56
2020,15,Bahrain Grand Prix,bahrain,2020-11-29,kevin_magnussen,Kevin Magnussen,haas,18,17,17,+1 Lap,0.0,56
2020,15,Bahrain Grand Prix,bahrain,2020-11-29,perez,Sergio Pérez,racing_point,5,18,18,Engine,0.0,53
2020,15,Bahrain Grand Prix,bahrain,2020-11-29,stroll,Lance Stroll,racing_point,13,19,R,Collision,0.0,2
2020,15,Bahrain Grand Prix,bahrain,2020-11-29,grosjean,Romain Grosjean,haas,19,20,R,Collision,0.0,0
2020,16,Sakhir Grand Prix,bahrain,2020-12-06,perez,Sergio Pérez,racing_point,5,1,1,Finished,25.0,87
2020,16,Sakhir Grand Prix,bahrain,2020-12-06,ocon,Esteban Ocon,renault,11,2,2,Finished,18.0,87
2020,16,Sakhir Grand Prix,bahrain,2020-12-06,stroll,Lance Stroll,racing_point,10,3,3,Finished,15.0,87
2020,16,Sakhir Grand Prix,bahrain,2020-12-06,sainz,Carlos Sainz,mclaren,8,4,4,Finished,12.0,87
2020,16,Sakhir Grand Prix,bahrain,2020-12-06,ricciardo,Daniel Ricciardo,renault,7,5,5,Finished,10.0,87
2020,16,Sakhir Grand Prix,bahrain,2020-12-06,albon,Alexander Albon,red_bull,12,6,6,Finished,8.0,87
2020,16,Sakhir Grand Prix,bahrain,2020-12-06,kvyat,Daniil Kvyat,alphatauri,6,7,7,Finished,6.0,87
2020,16,Sakhir Grand Prix,bahrain,2020-12-06,bottas,Valtteri Bottas,mercedes,1,8,8,Finished,4.0,87
2020,16,Sakhir Grand Prix,bahrain,2020-12-06,russell,George Russell,mercedes,2,9,9,Finished,3.0,87
2020,16,Sakhir Grand Prix,bahrain,2020-12-06,norris,Lando Norris,mclaren,19,10,10,Finished,1.0,87
2020,16,Sakhir Grand Prix,bahrain,2020-12-06,gasly,Pierre Gasly,alphatauri,9,11,11,Finished,0.0,87
2020,16,Sakhir Grand Prix,bahrain,2020-12-06,vettel,Sebastian Vettel,ferrari,13,12,12,Finished,0.0,87
2020,16,Sakhir Grand Prix,bahrain,2020-12-06,giovinazzi,Antonio Giovinazzi,alfa,14,13,13,Finished,0.0,87
2020,16,Sakhir Grand Prix,bahrain,2020-12-06,raikkonen,Kimi Räikkönen,alfa,18,14,14,Finished,0.0,87
2020,16,Sakhir Grand Prix,bahrain,2020-12-06,kevin_magnussen,Kevin Magnussen,haas,15,15,15,Finished,0.0,87
2020,16,Sakhir Grand Prix,bahrain,2020-12-06,aitken,Jack Aitken,williams,17,16,16,Finished,0.0,87
2020,16,Sakhir Grand Prix,bahrain,2020-12-06,pietro_fittipaldi,Pietro Fittipaldi,haas,20,17,17,Finished,0.0,87
2020,16,Sakhir Grand Prix,bahrain,2020-12-06,latifi,Nicholas Latifi,williams,16,18,R,Engine,0.0,52
2020,16,Sakhir Grand Prix,bahrain,2020-12-06,max_verstappen,Max Verstappen,red_bull,3,19,R,Accident,0.0,0
2020,16,Sakhir Grand Prix,bahrain,2020-12-06,leclerc,Charles Leclerc,ferrari,4,20,R,Collision,0.0,0
2020,17,Abu Dhabi Grand Prix,yas_marina,2020-12-13,max_verstappen,Max Verstappen,red_bull,1,1,1,Finished,25.0,55
2020,17,Abu Dhabi Grand Prix,yas_marina,2020-12-13,bottas,Valtteri Bottas,mercedes,2,2,2,Finished,18.0,55
2020,17,Abu Dhabi Grand Prix,yas_marina,2020-12-13,hamilton,Lewis Hamilton,mercedes,3,3,3,Finished,15.0,55
2020,17,Abu Dhabi Grand Prix,yas_marina,2020-12-13,albon,Alexander Albon,red_bull,5,4,4,Finished,12.0,55
2020,17,Abu Dhabi Grand Prix,yas_marina,2020-12-13,norris,Lando Norris,mclaren,4,5,5,Finished,10.0,55
2020,17,Abu Dhabi Grand Prix,yas_marina,2020-12-13,sainz,Carlos Sainz,mclaren,6,6,6,Finished,8.0,55
2020,17,Abu Dhabi Grand Prix,yas_marina,2020-12-13,ricciardo,Daniel Ricciardo,renault,11,7,7,Finished,7.0,55
2020,17,Abu Dhabi Grand Prix,yas_marina,2020-12-13,gasly,Pierre Gasly,alphatauri,9,8,8,Finished,4.0,55
2020,17,Abu Dhabi Grand Prix,yas_marina,2020-12-13,ocon,Esteban Ocon,renault,10,9,9,Finished,2.0,55
2020,17,Abu Dhabi Grand Prix,yas_marina,2020-12-13,stroll,Lance Stroll,racing_point,8,10,10,Finished,1.0,55
2020,17,Abu Dhabi Grand Prix,yas_marina,2020-12-13,kvyat,Daniil Kvyat,alphatauri,7,11,11,+1 Lap,0.0,54
2020,17,Abu Dhabi Grand Prix,yas_marina,2020-12-13,raikkonen,Kimi Räikkönen,alfa,15,12,12,+1 Lap,0.0,54
2020,17,Abu Dhabi Grand Prix,yas_marina,2020-12-13,leclerc,Charles Leclerc,ferrari,12,13,13,+1 Lap,0.0,54
2020,17,Abu Dhabi Grand Prix,yas_marina,2020-12-13,vettel,Sebastian Vettel,ferrari,13,14,14,+1 Lap,0.0,54
2020,17,Abu Dhabi Grand Prix,yas_marina,2020-12-13,russell,George Russell,williams,16,15,15,+1 Lap,0.0,54
2020,17,Abu Dhabi Grand Prix,yas_marina,2020-12-13,giovinazzi,Antonio Giovinazzi,alfa,14,16,16,+1 Lap,0.0,54
2020,17,Abu Dhabi Grand Prix,yas_marina,2020-12-13,latifi,Nicholas Latifi,williams,18,17,17,+1 Lap,0.0,54
2020,17,Abu Dhabi Grand Prix,yas_marina,2020-12-13,kevin_magnussen,Kevin Magnussen,haas,20,18,18,+1 Lap,0.0,54
2020,17,Abu Dhabi Grand Prix,yas_marina,2020-12-13,pietro_fittipaldi,Pietro Fittipaldi,haas,17,19,19,+2 Laps,0.0,53
2020,17,Abu Dhabi Grand Prix,yas_marina,2020-12-13,perez,Sergio Pérez,racing_point,19,20,R,Transmission,0.0,8
2021,1,Bahrain Grand Prix,bahrain,2021-03-28,hamilton,Lewis Hamilton,mercedes,2,1,1,Finished,25.0,56
2021,1,Bahrain Grand Prix,bahrain,2021-03-28,max_verstappen,Max Verstappen,red_bull,1,2,2,Finished,18.0,56
2021,1,Bahrain Grand Prix,bahrain,2021-03-28,bottas,Valtteri Bottas,mercedes,3,3,3,Finished,16.0,56
2021,1,Bahrain Grand Prix,bahrain,2021-03-28,norris,Lando Norris,mclaren,7,4,4,Finished,12.0,56
2021,1,Bahrain Grand Prix,bahrain,2021-03-28,perez,Sergio Pérez,red_bull,0,5,5,Finished,10.0,56
2021,1,Bahrain Grand Prix,bahrain,2021-03-28,leclerc,Charles Leclerc,ferrari,4,6,6,Finished,8.0,56
2021,1,Bahrain Grand Prix,bahrain,2021-03-28,ricciardo,Daniel Ricciardo,mclaren,6,7,7,Finished,6.0,56
2021,1,Bahrain Grand Prix,bahrain,2021-03-28,sainz,Carlos Sainz,ferrari,8,8,8,Finished,4.0,56
2021,1,Bahrain Grand Prix,bahrain,2021-03-28,tsunoda,Yuki Tsunoda,alphatauri,13,9,9,Finished,2.0,56
2021,1,Bahrain Grand Prix,bahrain,2021-03-28,stroll,Lance Stroll,aston_martin,10,10,10,Finished,1.0,56
2021,1,Bahrain Grand Prix,bahrain,2021-03-28,raikkonen,Kimi Räikkönen,alfa,14,11,11,Finished,0.0,56
2021,1,Bahrain Grand Prix,bahrain,2021-03-28,giovinazzi,Antonio Giovinazzi,alfa,12,12,12,+1 Lap,0.0,55
2021,1,Bahrain Grand Prix,bahrain,2021-03-28,ocon,Esteban Ocon,alpine,16,13,13,+1 Lap,0.0,55
2021,1,Bahrain Grand Prix,bahrain,2021-03-28,russell,George Russell,williams,15,14,14,+1 Lap,0.0,55
2021,1,Bahrain Grand Prix,bahrain,2021-03-28,vettel,Sebastian Vettel,aston_martin,20,15,15,+1 Lap,0.0,55
2021,1,Bahrain Grand Prix,bahrain,2021-03-28,mick_schumacher,Mick Schumacher,haas,18,16,16,+1 Lap,0.0,55
2021,1,Bahrain Grand Prix,bahrain,2021-03-28,gasly,Pierre Gasly,alphatauri,5,17,17,Retired,0.0,52
2021,1,Bahrain Grand Prix,bahrain,2021-03-28,latifi,Nicholas Latifi,williams,17,18,18,Retired,0.0,51
2021,1,Bahrain Grand Prix,bahrain,2021-03-28,alonso,Fernando Alonso,alpine,9,19,R,Brakes,0.0,32
2021,1,Bahrain Grand Prix,bahrain,2021-03-28,mazepin,Nikita Mazepin,haas,19,20,R,Accident,0.0,0
2021,2,Emilia Romagna Grand Prix,imola,2021-04-18,max_verstappen,Max Verstappen,red_bull,3,1,1,Finished,25.0,63
2021,2,Emilia Romagna Grand Prix,imola,2021-04-18,hamilton,Lewis Hamilton,mercedes,1,2,2,Finished,19.0,63
2021,2,Emilia Romagna Grand Prix,imola,2021-04-18,norris,Lando Norris,mclaren,7,3,3,Finished,15.0,63
2021,2,Emilia Romagna Grand Prix,imola,2021-04-18,leclerc,Charles Leclerc,ferrari,4,4,4,Finished,12.0,63
2021,2,Emilia Romagna Grand Prix,imola,2021-04-18,sainz,Carlos Sainz,ferrari,11,5,5,Finished,10.0,63
2021,2,Emilia Romagna Grand Prix,imola,2021-04-18,ricciardo,Daniel Ricciardo,mclaren,6,6,6,Finished,8.0,63
2021,2,Emilia Romagna Grand Prix,imola,2021-04-18,gasly,Pierre Gasly,alphatauri,5,7,7,Finished,6.0,63
2021,2,Emilia Romagna Grand Prix,imola,2021-04-18,stroll,Lance Stroll,aston_martin,10,8,8,Finished,4.0,63
2021,2,Emilia Romagna Grand Prix,imola,2021-04-18,ocon,Esteban Ocon,alpine,9,9,9,Finished,2.0,63
2021,2,Emilia Romagna Grand Prix,imola,2021-04-18,alonso,Fernando Alonso,alpine,15,10,10,Finished,1.0,63
2021,2,Emilia Romagna Grand Prix,imola,2021-04-18,perez,Sergio Pérez,red_bull,2,11,11,Finished,0.0,63
2021,2,Emilia Romagna Grand Prix,imola,2021-04-18,tsunoda,Yuki Tsunoda,alphatauri,20,12,12,Finished,0.0,63
2021,2,Emilia Romagna Grand Prix,imola,2021-04-18,raikkonen,Kimi Räikkönen,alfa,16,13,13,Finished,0.0,63
2021,2,Emilia Romagna Grand Prix,imola,2021-04-18,giovinazzi,Antonio Giovinazzi,alfa,17,14,14,+1 Lap,0.0,62
2021,2,Emilia Romagna Grand Prix,imola,2021-04-18,vettel,Sebastian Vettel,aston_martin,0,15,15,Gearbox,0.0,61
2021,2,Emilia Romagna Grand Prix,imola,2021-04-18,mick_schumacher,Mick Schumacher,haas,18,16,16,+2 Laps,0.0,61
2021,2,Emilia Romagna Grand Prix,imola,2021-04-18,mazepin,Nikita Mazepin,haas,19,17,17,+2 Laps,0.0,61
2021,2,Emilia Romagna Grand Prix,imola,2021-04-18,bottas,Valtteri Bottas,mercedes,8,18,R,Collision,0.0,30
2021,2,Emilia Romagna Grand Prix,imola,2021-04-18,russell,George Russell,williams,12,19,R,Collision,0.0,30
2021,2,Emilia Romagna Grand Prix,imola,2021-04-18,latifi,Nicholas Latifi,williams,14,20,R,Collision,0.0,0
2021,3,Portuguese Grand Prix,portimao,2021-05-02,hamilton,Lewis Hamilton,mercedes,2,1,1,Finished,25.0,66
2021,3,Portuguese Grand Prix,portimao,2021-05-02,max_verstappen,Max Verstappen,red_bull,3,2,2,Finished,18.0,66
2021,3,Portuguese Grand Prix,portimao,2021-05-02,bottas,Valtteri Bottas,mercedes,1,3,3,Finished,16.0,66
2021,3,Portuguese Grand Prix,portimao,2021-05-02,perez,Sergio Pérez,red_bull,4,4,4,Finished,12.0,66
2021,3,Portuguese Grand Prix,portimao,2021-05-02,norris,Lando Norris,mclaren,7,5,5,Finished,10.0,66
2021,3,Portuguese Grand Prix,portimao,2021-05-02,leclerc,Charles Leclerc,ferrari,8,6,6,Finished,8.0,66
2021,3,Portuguese Grand Prix,portimao,2021-05-02,ocon,Esteban Ocon,alpine,6,7,7,Finished,6.0,66
2021,3,Portuguese Grand Prix,portimao,2021-05-02,alonso,Fernando Alonso,alpine,13,8,8,Finished,4.0,66
2021,3,Portuguese Grand Prix,portimao,2021-05-02,ricciardo,Daniel Ricciardo,mclaren,16,9,9,Finished,2.0,66
2021,3,Portuguese Grand Prix,portimao,2021-05-02,gasly,Pierre Gasly,alphatauri,9,10,10,Finished,1.0,66
2021,3,Portuguese Grand Prix,portimao,2021-05-02,sainz,Carlos Sainz,ferrari,5,11,11,Finished,0.0,66
2021,3,Portuguese Grand Prix,portimao,2021-05-02,giovinazzi,Antonio Giovinazzi,alfa,12,12,12,+1 Lap,0.0,65
2021,3,Portuguese Grand Prix,portimao,2021-05-02,vettel,Sebastian Vettel,aston_martin,10,13,13,+1 Lap,0.0,65
2021,3,Portuguese Grand Prix,portimao,2021-05-02,stroll,Lance Stroll,aston_martin,17,14,14,+1 Lap,0.0,65
2021,3,Portuguese Grand Prix,portimao,2021-05-02,tsunoda,Yuki Tsunoda,alphatauri,14,15,15,+1 Lap,0.0,65
2021,3,Portuguese Grand Prix,portimao,2021-05-02,russell,George Russell,williams,11,16,16,+1 Lap,0.0,65
2021,3,Portuguese Grand Prix,portimao,2021-05-02,mick_schumacher,Mick Schumacher,haas,19,17,17,+2 Laps,0.0,64
2021,3,Portuguese Grand Prix,portimao,2021-05-02,latifi,Nicholas Latifi,williams,18,18,18,+2 Laps,0.0,64
2021,3,Portuguese Grand Prix,portimao,2021-05-02,mazepin,Nikita Mazepin,haas,20,19,19,+2 Laps,0.0,64
2021,3,Portuguese Grand Prix,portimao,2021-05-02,raikkonen,Kimi Räikkönen,alfa,15,20,R,Collision damage,0.0,1
2021,4,Spanish Grand Prix,catalunya,2021-05-09,hamilton,Lewis Hamilton,mercedes,1,1,1,Finished,25.0,66
2021,4,Spanish Grand Prix,catalunya,2021-05-09,max_verstappen,Max Verstappen,red_bull,2,2,2,Finished,19.0,66
2021,4,Spanish Grand Prix,catalunya,2021-05-09,bottas,Valtteri Bottas,mercedes,3,3,3,Finished,15.0,66
2021,4,Spanish Grand Prix,catalunya,2021-05-09,leclerc,Charles Leclerc,ferrari,4,4,4,Finished,12.0,66
2021,4,Spanish Grand Prix,catalunya,2021-05-09,perez,Sergio Pérez,red_bull,8,5,5,Finished,10.0,66
2021,4,Spanish Grand Prix,catalunya,2021-05-09,ricciardo,Daniel Ricciardo,mclaren,7,6,6,Finished,8.0,66
2021,4,Spanish Grand Prix,catalunya,2021-05-09,sainz,Carlos Sainz,ferrari,6,7,7,Finished,6.0,66
2021,4,Spanish Grand Prix,catalunya,2021-05-09,norris,Lando Norris,mclaren,9,8,8,+1 Lap,4.0,65
2021,4,Spanish Grand Prix,catalunya,2021-05-09,ocon,Esteban Ocon,alpine,5,9,9,+1 Lap,2.0,65
2021,4,Spanish Grand Prix,catalunya,2021-05-09,gasly,Pierre Gasly,alphatauri,12,10,10,+1 Lap,1.0,65
2021,4,Spanish Grand Prix,catalunya,2021-05-09,stroll,Lance Stroll,aston_martin,11,11,11,+1 Lap,0.0,65
2021,4,Spanish Grand Prix,catalunya,2021-05-09,raikkonen,Kimi Räikkönen,alfa,17,12,12,+1 Lap,0.0,65
2021,4,Spanish Grand Prix,catalunya,2021-05-09,vettel,Sebastian Vettel,aston_martin,13,13,13,+1 Lap,0.0,65
2021,4,Spanish Grand Prix,catalunya,2021-05-09,russell,George Russell,williams,15,14,14,+1 Lap,0.0,65
2021,4,Spanish Grand Prix,catalunya,2021-05-09,giovinazzi,Antonio Giovinazzi,alfa,14,15,15,+1 Lap,0.0,65
2021,4,Spanish Grand Prix,catalunya,2021-05-09,latifi,Nicholas Latifi,williams,19,16,16,+1 Lap,0.0,65
2021,4,Spanish Grand Prix,catalunya,2021-05-09,alonso,Fernando Alonso,alpine,10,17,17,+1 Lap,0.0,65
2021,4,Spanish Grand Prix,catalunya,2021-05-09,mick_schumacher,Mick Schumacher,haas,18,18,18,+2 Laps,0.0,64
2021,4,Spanish Grand Prix,catalunya,2021-05-09,mazepin,Nikita Mazepin,haas,20,19,19,+2 Laps,0.0,64
2021,4,Spanish Grand Prix,catalunya,2021-05-09,tsunoda,Yuki Tsunoda,alphatauri,16,20,R,Electrical,0.0,6
2021,5,Monaco Grand Prix,monaco,2021-05-23,max_verstappen,Max Verstappen,red_bull,2,1,1,Finished,25.0,78
2021,5,Monaco Grand Prix,monaco,2021-05-23,sainz,Carlos Sainz,ferrari,4,2,2,Finished,18.0,78
2021,5,Monaco Grand Prix,monaco,2021-05-23,norris,Lando Norris,mclaren,5,3,3,Finished,15.0,78
2021,5,Monaco Grand Prix,monaco,2021-05-23,perez,Sergio Pérez,red_bull,9,4,4,Finished,12.0,78
2021,5,Monaco Grand Prix,monaco,2021-05-23,vettel,Sebastian Vettel,aston_martin,8,5,5,Finished,10.0,78
2021,5,Monaco Grand Prix,monaco,2021-05-23,gasly,Pierre Gasly,alphatauri,6,6,6,Finished,8.0,78
2021,5,Monaco Grand Prix,monaco,2021-05-23,hamilton,Lewis Hamilton,mercedes,7,7,7,Finished,7.0,78
2021,5,Monaco Grand Prix,monaco,2021-05-23,stroll,Lance Stroll,aston_martin,13,8,8,+1 Lap,4.0,77
2021,5,Monaco Grand Prix,monaco,2021-05-23,ocon,Esteban Ocon,alpine,11,9,9,+1 Lap,2.0,77
2021,5,Monaco Grand Prix,monaco,2021-05-23,giovinazzi,Antonio Giovinazzi,alfa,10,10,10,+1 Lap,1.0,77
2021,5,Monaco Grand Prix,monaco,2021-05-23,raikkonen,Kimi Räikkönen,alfa,14,11,11,+1 Lap,0.0,77
2021,5,Monaco Grand Prix,monaco,2021-05-23,ricciardo,Daniel Ricciardo,mclaren,12,12,12,+1 Lap,0.0,77
2021,5,Monaco Grand Prix,monaco,2021-05-23,alonso,Fernando Alonso,alpine,17,13,13,+1 Lap,0.0,77
2021,5,Monaco Grand Prix,monaco,2021-05-23,russell,George Russell,williams,15,14,14,+1 Lap,0.0,77
2021,5,Monaco Grand Prix,monaco,2021-05-23,latifi,Nicholas Latifi,williams,18,15,15,+1 Lap,0.0,77
2021,5,Monaco Grand Prix,monaco,2021-05-23,tsunoda,Yuki Tsunoda,alphatauri,16,16,16,+1 Lap,0.0,77
2021,5,Monaco Grand Prix,monaco,2021-05-23,mazepin,Nikita Mazepin,haas,19,17,17,+3 Laps,0.0,75
2021,5,Monaco Grand Prix,monaco,2021-05-23,mick_schumacher,Mick Schumacher,haas,20,18,18,+3 Laps,0.0,75
2021,5,Monaco Grand Prix,monaco,2021-05-23,bottas,Valtteri Bottas,mercedes,3,19,R,Wheel nut,0.0,29
2021,5,Monaco Grand Prix,monaco,2021-05-23,leclerc,Charles Leclerc,ferrari,1,20,W,Driveshaft,0.0,0
2021,6,Azerbaijan Grand Prix,baku,2021-06-06,perez,Sergio Pérez,red_bull,6,1,1,Finished,25.0,51
2021,6,Azerbaijan Grand Prix,baku,2021-06-06,vettel,Sebastian Vettel,aston_martin,11,2,2,Finished,18.0,51
2021,6,Azerbaijan Grand Prix,baku,2021-06-06,gasly,Pierre Gasly,alphatauri,4,3,3,Finished,15.0,51
2021,6,Azerbaijan Grand Prix,baku,2021-06-06,leclerc,Charles Leclerc,ferrari,1,4,4,Finished,12.0,51
2021,6,Azerbaijan Grand Prix,baku,2021-06-06,norris,Lando Norris,mclaren,9,5,5,Finished,10.0,51
2021,6,Azerbaijan Grand Prix,baku,2021-06-06,alonso,Fernando Alonso,alpine,8,6,6,Finished,8.0,51
2021,6,Azerbaijan Grand Prix,baku,2021-06-06,tsunoda,Yuki Tsunoda,alphatauri,7,7,7,Finished,6.0,51
2021,6,Azerbaijan Grand Prix,baku,2021-06-06,sainz,Carlos Sainz,ferrari,5,8,8,Finished,4.0,51
2021,6,Azerbaijan Grand Prix,baku,2021-06-06,ricciardo,Daniel Ricciardo,mclaren,13,9,9,Finished,2.0,51
2021,6,Azerbaijan Grand Prix,baku,2021-06-06,raikkonen,Kimi Räikkönen,alfa,14,10,10,Finished,1.0,51
2021,6,Azerbaijan Grand Prix,baku,2021-06-06,giovinazzi,Antonio Giovinazzi,alfa,20,11,11,Finished,0.0,51
2021,6,Azerbaijan Grand Prix,baku,2021-06-06,bottas,Valtteri Bottas,mercedes,10,12,12,Finished,0.0,51
2021,6,Azerbaijan Grand Prix,baku,2021-06-06,mick_schumacher,Mick Schumacher,haas,17,13,13,Finished,0.0,51
2021,6,Azerbaijan Grand Prix,baku,2021-06-06,mazepin,Nikita Mazepin,haas,18,14,14,Finished,0.0,51
2021,6,Azerbaijan Grand Prix,baku,2021-06-06,hamilton,Lewis Hamilton,mercedes,2,15,15,Finished,0.0,51
2021,6,Azerbaijan Grand Prix,baku,2021-06-06,latifi,Nicholas Latifi,williams,16,16,16,Finished,0.0,51
2021,6,Azerbaijan Grand Prix,baku,2021-06-06,russell,George Russell,williams,15,17,R,Gearbox,0.0,48
2021,6,Azerbaijan Grand Prix,baku,2021-06-06,max_verstappen,Max Verstappen,red_bull,3,18,R,Accident,0.0,45
2021,6,Azerbaijan Grand Prix,baku,2021-06-06,stroll,Lance Stroll,aston_martin,19,19,R,Accident,0.0,29
2021,6,Azerbaijan Grand Prix,baku,2021-06-06,ocon,Esteban Ocon,alpine,12,20,R,Turbo,0.0,3
2021,7,French Grand Prix,ricard,2021-06-20,max_verstappen,Max Verstappen,red_bull,1,1,1,Finished,26.0,53
2021,7,French Grand Prix,ricard,2021-06-20,hamilton,Lewis Hamilton,mercedes,2,2,2,Finished,18.0,53
2021,7,French Grand Prix,ricard,2021-06-20,perez,Sergio Pérez,red_bull,4,3,3,Finished,15.0,53
2021,7,French Grand Prix,ricard,2021-06-20,bottas,Valtteri Bottas,mercedes,3,4,4,Finished,12.0,53
2021,7,French Grand Prix,ricard,2021-06-20,norris,Lando Norris,mclaren,8,5,5,Finished,10.0,53
2021,7,French Grand Prix,ricard,2021-06-20,ricciardo,Daniel Ricciardo,mclaren,10,6,6,Finished,8.0,53
2021,7,French Grand Prix,ricard,2021-06-20,gasly,Pierre Gasly,alphatauri,6,7,7,Finished,6.0,53
2021,7,French Grand Prix,ricard,2021-06-20,alonso,Fernando Alonso,alpine,9,8,8,Finished,4.0,53
2021,7,French Grand Prix,ricard,2021-06-20,vettel,Sebastian Vettel,aston_martin,12,9,9,Finished,2.0,53
2021,7,French Grand Prix,ricard,2021-06-20,stroll,Lance Stroll,aston_martin,19,10,10,Finished,1.0,53
2021,7,French Grand Prix,ricard,2021-06-20,sainz,Carlos Sainz,ferrari,5,11,11,Finished,0.0,53
2021,7,French Grand Prix,ricard,2021-06-20,russell,George Russell,williams,14,12,12,+1 Lap,0.0,52
2021,7,French Grand Prix,ricard,2021-06-20,tsunoda,Yuki Tsunoda,alphatauri,0,13,13,+1 Lap,0.0,52
2021,7,French Grand Prix,ricard,2021-06-20,ocon,Esteban Ocon,alpine,11,14,14,+1 Lap,0.0,52
2021,7,French Grand Prix,ricard,2021-06-20,giovinazzi,Antonio Giovinazzi,alfa,13,15,15,+1 Lap,0.0,52
2021,7,French Grand Prix,ricard,2021-06-20,leclerc,Charles Leclerc,ferrari,7,16,16,+1 Lap,0.0,52
2021,7,French Grand Prix,ricard,2021-06-20,raikkonen,Kimi Räikkönen,alfa,17,17,17,+1 Lap,0.0,52
2021,7,French Grand Prix,ricard,2021-06-20,latifi,Nicholas Latifi,williams,16,18,18,+1 Lap,0.0,52
2021,7,French Grand Prix,ricard,2021-06-20,mick_schumacher,Mick Schumacher,haas,15,19,19,+1 Lap,0.0,52
2021,7,French Grand Prix,ricard,2021-06-20,mazepin,Nikita Mazepin,haas,18,20,20,+1 Lap,0.0,52
2021,8,Styrian Grand Prix,red_bull_ring,2021-06-27,max_verstappen,Max Verstappen,red_bull,1,1,1,Finished,25.0,71
2021,8,Styrian Grand Prix,red_bull_ring,2021-06-27,hamilton,Lewis Hamilton,mercedes,2,2,2,Finished,19.0,71
2021,8,Styrian Grand Prix,red_bull_ring,2021-06-27,bottas,Valtteri Bottas,mercedes,5,3,3,Finished,15.0,71
2021,8,Styrian Grand Prix,red_bull_ring,2021-06-27,perez,Sergio Pérez,red_bull,4,4,4,Finished,12.0,71
2021,8,Styrian Grand Prix,red_bull_ring,2021-06-27,norris,Lando Norris,mclaren,3,5,5,+1 Lap,10.0,70
2021,8,Styrian Grand Prix,red_bull_ring,2021-06-27,sainz,Carlos Sainz,ferrari,12,6,6,+1 Lap,8.0,70
2021,8,Styrian Grand Prix,red_bull_ring,2021-06-27,leclerc,Charles Leclerc,ferrari,7,7,7,+1 Lap,6.0,70
2021,8,Styrian Grand Prix,red_bull_ring,2021-06-27,stroll,Lance Stroll,aston_martin,9,8,8,+1 Lap,4.0,70
2021,8,Styrian Grand Prix,red_bull_ring,2021-06-27,alonso,Fernando Alonso,alpine,8,9,9,+1 Lap,2.0,70
2021,8,Styrian Grand Prix,red_bull_ring,2021-06-27,tsunoda,Yuki Tsunoda,alphatauri,11,10,10,+1 Lap,1.0,70
2021,8,Styrian Grand Prix,red_bull_ring,2021-06-27,raikkonen,Kimi Räikkönen,alfa,18,11,11,+1 Lap,0.0,70
2021,8,Styrian Grand Prix,red_bull_ring,2021-06-27,vettel,Sebastian Vettel,aston_martin,14,12,12,+1 Lap,0.0,70
2021,8,Styrian Grand Prix,red_bull_ring,2021-06-27,ricciardo,Daniel Ricciardo,mclaren,13,13,13,+1 Lap,0.0,70
2021,8,Styrian Grand Prix,red_bull_ring,2021-06-27,ocon,Esteban Ocon,alpine,17,14,14,+1 Lap,0.0,70
2021,8,Styrian Grand Prix,red_bull_ring,2021-06-27,giovinazzi,Antonio Giovinazzi,alfa,15,15,15,+1 Lap,0.0,70
2021,8,Styrian Grand Prix,red_bull_ring,2021-06-27,mick_schumacher,Mick Schumacher,haas,19,16,16,+2 Laps,0.0,69
2021,8,Styrian Grand Prix,red_bull_ring,2021-06-27,latifi,Nicholas Latifi,williams,16,17,17,+3 Laps,0.0,68
2021,8,Styrian Grand Prix,red_bull_ring,2021-06-27,mazepin,Nikita Mazepin,haas,20,18,18,+3 Laps,0.0,68
2021,8,Styrian Grand Prix,red_bull_ring,2021-06-27,russell,George Russell,williams,10,19,R,Engine,0.0,36
2021,8,Styrian Grand Prix,red_bull_ring,2021-06-27,gasly,Pierre Gasly,alphatauri,6,20,R,Collision,0.0,1
2021,9,Austrian Grand Prix,red_bull_ring,2021-07-04,max_verstappen,Max Verstappen,red_bull,1,1,1,Finished,26.0,71
2021,9,Austrian Grand Prix,red_bull_ring,2021-07-04,bottas,Valtteri Bottas,mercedes,5,2,2,Finished,18.0,71
2021,9,Austrian Grand Prix,red_bull_ring,2021-07-04,norris,Lando Norris,mclaren,2,3,3,Finished,15.0,71
2021,9,Austrian Grand Prix,red_bull_ring,2021-07-04,hamilton,Lewis Hamilton,mercedes,4,4,4,Finished,12.0,71
2021,9,Austrian Grand Prix,red_bull_ring,2021-07-04,sainz,Carlos Sainz,ferrari,10,5,5,Finished,10.0,71
2021,9,Austrian Grand Prix,red_bull_ring,2021-07-04,perez,Sergio Pérez,red_bull,3,6,6,Finished,8.0,71
2021,9,Austrian Grand Prix,red_bull_ring,2021-07-04,ricciardo,Daniel Ricciardo,mclaren,13,7,7,Finished,6.0,71
2021,9,Austrian Grand Prix,red_bull_ring,2021-07-04,leclerc,Charles Leclerc,ferrari,12,8,8,Finished,4.0,71
2021,9,Austrian Grand Prix,red_bull_ring,2021-07-04,gasly,Pierre Gasly,alphatauri,6,9,9,Finished,2.0,71
2021,9,Austrian Grand Prix,red_bull_ring,2021-07-04,alonso,Fernando Alonso,alpine,14,10,10,+1 Lap,1.0,70
2021,9,Austrian Grand Prix,red_bull_ring,2021-07-04,russell,George Russell,williams,8,11,11,+1 Lap,0.0,70
2021,9,Austrian Grand Prix,red_bull_ring,2021-07-04,tsunoda,Yuki Tsunoda,alphatauri,7,12,12,+1 Lap,0.0,70
2021,9,Austrian Grand Prix,red_bull_ring,2021-07-04,stroll,Lance Stroll,aston_martin,9,13,13,+1 Lap,0.0,70
2021,9,Austrian Grand Prix,red_bull_ring,2021-07-04,giovinazzi,Antonio Giovinazzi,alfa,15,14,14,+1 Lap,0.0,70
2021,9,Austrian Grand Prix,red_bull_ring,2021-07-04,raikkonen,Kimi Räikkönen,alfa,16,15,15,+1 Lap,0.0,70
2021,9,Austrian Grand Prix,red_bull_ring,2021-07-04,latifi,Nicholas Latifi,williams,18,16,16,+1 Lap,0.0,70
2021,9,Austrian Grand Prix,red_bull_ring,2021-07-04,vettel,Sebastian Vettel,aston_martin,11,17,17,Collision,0.0,69
2021,9,Austrian Grand Prix,red_bull_ring,2021-07-04,mick_schumacher,Mick Schumacher,haas,19,18,18,+2 Laps,0.0,69
2021,9,Austrian Grand Prix,red_bull_ring,2021-07-04,mazepin,Nikita Mazepin,haas,20,19,19,+2 Laps,0.0,69
2021,9,Austrian Grand Prix,red_bull_ring,2021-07-04,ocon,Esteban Ocon,alpine,17,20,R,Collision,0.0,0
2021,10,British Grand Prix,silverstone,2021-07-18,hamilton,Lewis Hamilton,mercedes,2,1,1,Finished,25.0,52
2021,10,British Grand Prix,silverstone,2021-07-18,leclerc,Charles Leclerc,ferrari,4,2,2,Finished,18.0,52
2021,10,British Grand Prix,silverstone,2021-07-18,bottas,Valtteri Bottas,mercedes,3,3,3,Finished,15.0,52
2021,10,British Grand Prix,silverstone,2021-07-18,norris,Lando Norris,mclaren,5,4,4,Finished,12.0,52
2021,10,British Grand Prix,silverstone,2021-07-18,ricciardo,Daniel Ricciardo,mclaren,6,5,5,Finished,10.0,52
2021,10,British Grand Prix,silverstone,2021-07-18,sainz,Carlos Sainz,ferrari,10,6,6,Finished,8.0,52
2021,10,British Grand Prix,silverstone,2021-07-18,alonso,Fernando Alonso,alpine,7,7,7,Finished,6.0,52
2021,10,British Grand Prix,silverstone,2021-07-18,stroll,Lance Stroll,aston_martin,14,8,8,Finished,4.0,52
2021,10,British Grand Prix,silverstone,2021-07-18,ocon,Esteban Ocon,alpine,9,9,9,Finished,2.0,52
2021,10,British Grand Prix,silverstone,2021-07-18,tsunoda,Yuki Tsunoda,alphatauri,16,10,10,Finished,1.0,52
2021,10,British Grand Prix,silverstone,2021-07-18,gasly,Pierre Gasly,alphatauri,11,11,11,Finished,0.0,52
2021,10,British Grand Prix,silverstone,2021-07-18,russell,George Russell,williams,12,12,12,+1 Lap,0.0,51
2021,10,British Grand Prix,silverstone,2021-07-18,giovinazzi,Antonio Giovinazzi,alfa,15,13,13,+1 Lap,0.0,51
2021,10,British Grand Prix,silverstone,2021-07-18,latifi,Nicholas Latifi,williams,17,14,14,+1 Lap,0.0,51
2021,10,British Grand Prix,silverstone,2021-07-18,raikkonen,Kimi Räikkönen,alfa,13,15,15,+1 Lap,0.0,51
2021,10,British Grand Prix,silverstone,2021-07-18,perez,Sergio Pérez,red_bull,0,16,16,+1 Lap,0.0,51
2021,10,British Grand Prix,silverstone,2021-07-18,mazepin,Nikita Mazepin,haas,19,17,17,+1 Lap,0.0,51
2021,10,British Grand Prix,silverstone,2021-07-18,mick_schumacher,Mick Schumacher,haas,18,18,18,+1 Lap,0.0,51
2021,10,British Grand Prix,silverstone,2021-07-18,vettel,Sebastian Vettel,aston_martin,8,19,R,Retired,0.0,40
2021,10,British Grand Prix,silverstone,2021-07-18,max_verstappen,Max Verstappen,red_bull,1,20,R,Collision,0.0,0
2021,11,Hungarian Grand Prix,hungaroring,2021-08-01,ocon,Esteban Ocon,alpine,8,1,1,Finished,25.0,70
2021,11,Hungarian Grand Prix,hungaroring,2021-08-01,hamilton,Lewis Hamilton,mercedes,1,2,2,Finished,18.0,70
2021,11,Hungarian Grand Prix,hungaroring,2021-08-01,sainz,Carlos Sainz,ferrari,15,3,3,Finished,15.0,70
2021,11,Hungarian Grand Prix,hungaroring,2021-08-01,alonso,Fernando Alonso,alpine,9,4,4,Finished,12.0,70
2021,11,Hungarian Grand Prix,hungaroring,2021-08-01,gasly,Pierre Gasly,alphatauri,5,5,5,Finished,11.0,70
2021,11,Hungarian Grand Prix,hungaroring,2021-08-01,tsunoda,Yuki Tsunoda,alphatauri,16,6,6,Finished,8.0,70
2021,11,Hungarian Grand Prix,hungaroring,2021-08-01,latifi,Nicholas Latifi,williams,18,7,7,Finished,6.0,70
2021,11,Hungarian Grand Prix,hungaroring,2021-08-01,russell,George Russell,williams,17,8,8,Finished,4.0,70
2021,11,Hungarian Grand Prix,hungaroring,2021-08-01,max_verstappen,Max Verstappen,red_bull,3,9,9,Finished,2.0,70
2021,11,Hungarian Grand Prix,hungaroring,2021-08-01,raikkonen,Kimi Räikkönen,alfa,13,10,10,+1 Lap,1.0,69
2021,11,Hungarian Grand Prix,hungaroring,2021-08-01,ricciardo,Daniel Ricciardo,mclaren,11,11,11,+1 Lap,0.0,69
2021,11,Hungarian Grand Prix,hungaroring,2021-08-01,mick_schumacher,Mick Schumacher,haas,20,12,12,+1 Lap,0.0,69
2021,11,Hungarian Grand Prix,hungaroring,2021-08-01,giovinazzi,Antonio Giovinazzi,alfa,0,13,13,+1 Lap,0.0,69
2021,11,Hungarian Grand Prix,hungaroring,2021-08-01,mazepin,Nikita Mazepin,haas,19,14,R,Collision,0.0,3
2021,11,Hungarian Grand Prix,hungaroring,2021-08-01,norris,Lando Norris,mclaren,6,15,R,Collision,0.0,2
2021,11,Hungarian Grand Prix,hungaroring,2021-08-01,bottas,Valtteri Bottas,mercedes,2,16,R,Collision,0.0,0
2021,11,Hungarian Grand Prix,hungaroring,2021-08-01,perez,Sergio Pérez,red_bull,4,17,R,Collision,0.0,0
2021,11,Hungarian Grand Prix,hungaroring,2021-08-01,leclerc,Charles Leclerc,ferrari,7,18,R,Collision,0.0,0
2021,11,Hungarian Grand Prix,hungaroring,2021-08-01,stroll,Lance Stroll,aston_martin,12,19,R,Collision,0.0,0
2021,11,Hungarian Grand Prix,hungaroring,2021-08-01,vettel,Sebastian Vettel,aston_martin,10,20,D,Disqualified,0.0,70
2021,12,Belgian Grand Prix,spa,2021-08-29,max_verstappen,Max Verstappen,red_bull,1,1,1,Finished,12.5,1
2021,12,Belgian Grand Prix,spa,2021-08-29,russell,George Russell,williams,2,2,2,Finished,9.0,1
2021,12,Belgian Grand Prix,spa,2021-08-29,hamilton,Lewis Hamilton,mercedes,3,3,3,Finished,7.5,1
2021,12,Belgian Grand Prix,spa,2021-08-29,ricciardo,Daniel Ricciardo,mclaren,4,4,4,Finished,6.0,1
2021,12,Belgian Grand Prix,spa,2021-08-29,vettel,Sebastian Vettel,aston_martin,5,5,5,Finished,5.0,1
2021,12,Belgian Grand Prix,spa,2021-08-29,gasly,Pierre Gasly,alphatauri,6,6,6,Finished,4.0,1
2021,12,Belgian Grand Prix,spa,2021-08-29,ocon,Esteban Ocon,alpine,8,7,7,Finished,3.0,1
2021,12,Belgian Grand Prix,spa,2021-08-29,leclerc,Charles Leclerc,ferrari,9,8,8,Finished,2.0,1
2021,12,Belgian Grand Prix,spa,2021-08-29,latifi,Nicholas Latifi,williams,10,9,9,Finished,1.0,1
2021,12,Belgian Grand Prix,spa,2021-08-29,sainz,Carlos Sainz,ferrari,11,10,10,Finished,0.5,1
2021,12,Belgian Grand Prix,spa,2021-08-29,alonso,Fernando Alonso,alpine,12,11,11,Finished,0.0,1
2021,12,Belgian Grand Prix,spa,2021-08-29,bottas,Valtteri Bottas,mercedes,13,12,12,Finished,0.0,1
2021,12,Belgian Grand Prix,spa,2021-08-29,giovinazzi,Antonio Giovinazzi,alfa,14,13,13,Finished,0.0,1
2021,12,Belgian Grand Prix,spa,2021-08-29,norris,Lando Norris,mclaren,15,14,14,Finished,0.0,1
2021,12,Belgian Grand Prix,spa,2021-08-29,tsunoda,Yuki Tsunoda,alphatauri,16,15,15,Finished,0.0,1
2021,12,Belgian Grand Prix,spa,2021-08-29,mick_schumacher,Mick Schumacher,haas,17,16,16,Finished,0.0,1
2021,12,Belgian Grand Prix,spa,2021-08-29,mazepin,Nikita Mazepin,haas,18,17,17,Finished,0.0,1
2021,12,Belgian Grand Prix,spa,2021-08-29,raikkonen,Kimi Räikkönen,alfa,0,18,18,Finished,0.0,1
2021,12,Belgian Grand Prix,spa,2021-08-29,perez,Sergio Pérez,red_bull,0,19,19,Finished,0.0,1
2021,12,Belgian Grand Prix,spa,2021-08-29,stroll,Lance Stroll,aston_martin,19,20,20,Finished,0.0,1
2021,13,Dutch Grand Prix,zandvoort,2021-09-05,max_verstappen,Max Verstappen,red_bull,1,1,1,Finished,25.0,72
2021,13,Dutch Grand Prix,zandvoort,2021-09-05,hamilton,Lewis Hamilton,mercedes,2,2,2,Finished,19.0,72
2021,13,Dutch Grand Prix,zandvoort,2021-09-05,bottas,Valtteri Bottas,mercedes,3,3,3,Finished,15.0,72
2021,13,Dutch Grand Prix,zandvoort,2021-09-05,gasly,Pierre Gasly,alphatauri,4,4,4,+1 Lap,12.0,71
2021,13,Dutch Grand Prix,zandvoort,2021-09-05,leclerc,Charles Leclerc,ferrari,5,5,5,+1 Lap,10.0,71
2021,13,Dutch Grand Prix,zandvoort,2021-09-05,alonso,Fernando Alonso,alpine,9,6,6,+1 Lap,8.0,71
2021,13,Dutch Grand Prix,zandvoort,2021-09-05,sainz,Carlos Sainz,ferrari,6,7,7,+1 Lap,6.0,71
2021,13,Dutch Grand Prix,zandvoort,2021-09-05,perez,Sergio Pérez,red_bull,0,8,8,+1 Lap,4.0,71
2021,13,Dutch Grand Prix,zandvoort,2021-09-05,ocon,Esteban Ocon,alpine,8,9,9,+1 Lap,2.0,71
2021,13,Dutch Grand Prix,zandvoort,2021-09-05,norris,Lando Norris,mclaren,13,10,10,+1 Lap,1.0,71
2021,13,Dutch Grand Prix,zandvoort,2021-09-05,ricciardo,Daniel Ricciardo,mclaren,10,11,11,+1 Lap,0.0,71
2021,13,Dutch Grand Prix,zandvoort,2021-09-05,stroll,Lance Stroll,aston_martin,12,12,12,+2 Laps,0.0,70
2021,13,Dutch Grand Prix,zandvoort,2021-09-05,vettel,Sebastian Vettel,aston_martin,15,13,13,+2 Laps,0.0,70
2021,13,Dutch Grand Prix,zandvoort,2021-09-05,giovinazzi,Antonio Giovinazzi,alfa,7,14,14,+2 Laps,0.0,70
2021,13,Dutch Grand Prix,zandvoort,2021-09-05,kubica,Robert Kubica,alfa,16,15,15,+2 Laps,0.0,70
2021,13,Dutch Grand Prix,zandvoort,2021-09-05,latifi,Nicholas Latifi,williams,0,16,16,+2 Laps,0.0,70
2021,13,Dutch Grand Prix,zandvoort,2021-09-05,russell,George Russell,williams,11,17,17,Gearbox,0.0,69
2021,13,Dutch Grand Prix,zandvoort,2021-09-05,mick_schumacher,Mick Schumacher,haas,17,18,18,+3 Laps,0.0,69
2021,13,Dutch Grand Prix,zandvoort,2021-09-05,tsunoda,Yuki Tsunoda,alphatauri,14,19,R,Power Unit,0.0,48
2021,13,Dutch Grand Prix,zandvoort,2021-09-05,mazepin,Nikita Mazepin,haas,18,20,R,Hydraulics,0.0,41
2021,14,Italian Grand Prix,monza,2021-09-12,ricciardo,Daniel Ricciardo,mclaren,2,1,1,Finished,26.0,53
2021,14,Italian Grand Prix,monza,2021-09-12,norris,Lando Norris,mclaren,3,2,2,Finished,18.0,53
2021,14,Italian Grand Prix,monza,2021-09-12,bottas,Valtteri Bottas,mercedes,19,3,3,Finished,15.0,53
2021,14,Italian Grand Prix,monza,2021-09-12,leclerc,Charles Leclerc,ferrari,5,4,4,Finished,12.0,53
2021,14,Italian Grand Prix,monza,2021-09-12,perez,Sergio Pérez,red_bull,8,5,5,Finished,10.0,53
2021,14,Italian Grand Prix,monza,2021-09-12,sainz,Carlos Sainz,ferrari,6,6,6,Finished,8.0,53
2021,14,Italian Grand Prix,monza,2021-09-12,stroll,Lance Stroll,aston_martin,9,7,7,Finished,6.0,53
2021,14,Italian Grand Prix,monza,2021-09-12,alonso,Fernando Alonso,alpine,10,8,8,Finished,4.0,53
2021,14,Italian Grand Prix,monza,2021-09-12,russell,George Russell,williams,14,9,9,Finished,2.0,53
2021,14,Italian Grand Prix,monza,2021-09-12,ocon,Esteban Ocon,alpine,12,10,10,Finished,1.0,53
2021,14,Italian Grand Prix,monza,2021-09-12,latifi,Nicholas Latifi,williams,13,11,11,Finished,0.0,53
2021,14,Italian Grand Prix,monza,2021-09-12,vettel,Sebastian Vettel,aston_martin,11,12,12,Finished,0.0,53
2021,14,Italian Grand Prix,monza,2021-09-12,giovinazzi,Antonio Giovinazzi,alfa,7,13,13,Finished,0.0,53
2021,14,Italian Grand Prix,monza,2021-09-12,kubica,Robert Kubica,alfa,17,14,14,Finished,0.0,53
2021,14,Italian Grand Prix,monza,2021-09-12,mick_schumacher,Mick Schumacher,haas,18,15,15,Finished,0.0,53
2021,14,Italian Grand Prix,monza,2021-09-12,mazepin,Nikita Mazepin,haas,16,16,R,Power Unit,0.0,41
2021,14,Italian Grand Prix,monza,2021-09-12,hamilton,Lewis Hamilton,mercedes,4,17,R,Collision,0.0,25
2021,14,Italian Grand Prix,monza,2021-09-12,max_verstappen,Max Verstappen,red_bull,1,18,R,Collision,0.0,25
2021,14,Italian Grand Prix,monza,2021-09-12,gasly,Pierre Gasly,alphatauri,0,19,R,Suspension,0.0,3
2021,14,Italian Grand Prix,monza,2021-09-12,tsunoda,Yuki Tsunoda,alphatauri,0,20,W,Brakes,0.0,0
2021,15,Russian Grand Prix,sochi,2021-09-26,hamilton,Lewis Hamilton,mercedes,4,1,1,Finished,25.0,53
2021,15,Russian Grand Prix,sochi,2021-09-26,max_verstappen,Max Verstappen,red_bull,20,2,2,Finished,18.0,53
2021,15,Russian Grand Prix,sochi,2021-09-26,sainz,Carlos Sainz,ferrari,2,3,3,Finished,15.0,53
2021,15,Russian Grand Prix,sochi,2021-09-26,ricciardo,Daniel Ricciardo,mclaren,5,4,4,Finished,12.0,53
2021,15,Russian Grand Prix,sochi,2021-09-26,bottas,Valtteri Bottas,mercedes,16,5,5,Finished,10.0,53
2021,15,Russian Grand Prix,sochi,2021-09-26,alonso,Fernando Alonso,alpine,6,6,6,Finished,8.0,53
2021,15,Russian Grand Prix,sochi,2021-09-26,norris,Lando Norris,mclaren,1,7,7,Finished,7.0,53
2021,15,Russian Grand Prix,sochi,2021-09-26,raikkonen,Kimi Räikkönen,alfa,13,8,8,Finished,4.0,53
2021,15,Russian Grand Prix,sochi,2021-09-26,perez,Sergio Pérez,red_bull,8,9,9,Finished,2.0,53
2021,15,Russian Grand Prix,sochi,2021-09-26,russell,George Russell,williams,3,10,10,Finished,1.0,53
2021,15,Russian Grand Prix,sochi,2021-09-26,stroll,Lance Stroll,aston_martin,7,11,11,Finished,0.0,53
2021,15,Russian Grand Prix,sochi,2021-09-26,vettel,Sebastian Vettel,aston_martin,10,12,12,+1 Lap,0.0,52
2021,15,Russian Grand Prix,sochi,2021-09-26,gasly,Pierre Gasly,alphatauri,11,13,13,+1 Lap,0.0,52
2021,15,Russian Grand Prix,sochi,2021-09-26,ocon,Esteban Ocon,alpine,9,14,14,+1 Lap,0.0,52
2021,15,Russian Grand Prix,sochi,2021-09-26,leclerc,Charles Leclerc,ferrari,19,15,15,+1 Lap,0.0,52
2021,15,Russian Grand Prix,sochi,2021-09-26,giovinazzi,Antonio Giovinazzi,alfa,17,16,16,+1 Lap,0.0,52
2021,15,Russian Grand Prix,sochi,2021-09-26,tsunoda,Yuki Tsunoda,alphatauri,12,17,17,+1 Lap,0.0,52
2021,15,Russian Grand Prix,sochi,2021-09-26,mazepin,Nikita Mazepin,haas,15,18,18,+2 Laps,0.0,51
2021,15,Russian Grand Prix,sochi,2021-09-26,latifi,Nicholas Latifi,williams,18,19,19,Accident,0.0,47
2021,15,Russian Grand Prix,sochi,2021-09-26,mick_schumacher,Mick Schumacher,haas,14,20,R,Oil leak,0.0,32
2021,16,Turkish Grand Prix,istanbul,2021-10-10,bottas,Valtteri Bottas,mercedes,1,1,1,Finished,26.0,58
2021,16,Turkish Grand Prix,istanbul,2021-10-10,max_verstappen,Max Verstappen,red_bull,2,2,2,Finished,18.0,58
2021,16,Turkish Grand Prix,istanbul,2021-10-10,perez,Sergio Pérez,red_bull,6,3,3,Finished,15.0,58
2021,16,Turkish Grand Prix,istanbul,2021-10-10,leclerc,Charles Leclerc,ferrari,3,4,4,Finished,12.0,58
2021,16,Turkish Grand Prix,istanbul,2021-10-10,hamilton,Lewis Hamilton,mercedes,11,5,5,Finished,10.0,58
2021,16,Turkish Grand Prix,istanbul,2021-10-10,gasly,Pierre Gasly,alphatauri,4,6,6,Finished,8.0,58
2021,16,Turkish Grand Prix,istanbul,2021-10-10,norris,Lando Norris,mclaren,7,7,7,Finished,6.0,58
2021,16,Turkish Grand Prix,istanbul,2021-10-10,sainz,Carlos Sainz,ferrari,19,8,8,Finished,4.0,58
2021,16,Turkish Grand Prix,istanbul,2021-10-10,stroll,Lance Stroll,aston_martin,8,9,9,Finished,2.0,58
2021,16,Turkish Grand Prix,istanbul,2021-10-10,ocon,Esteban Ocon,alpine,12,10,10,+1 Lap,1.0,57
2021,16,Turkish Grand Prix,istanbul,2021-10-10,giovinazzi,Antonio Giovinazzi,alfa,16,11,11,+1 Lap,0.0,57
2021,16,Turkish Grand Prix,istanbul,2021-10-10,raikkonen,Kimi Räikkönen,alfa,17,12,12,+1 Lap,0.0,57
2021,16,Turkish Grand Prix,istanbul,2021-10-10,ricciardo,Daniel Ricciardo,mclaren,20,13,13,+1 Lap,0.0,57
2021,16,Turkish Grand Prix,istanbul,2021-10-10,tsunoda,Yuki Tsunoda,alphatauri,9,14,14,+1 Lap,0.0,57
2021,16,Turkish Grand Prix,istanbul,2021-10-10,russell,George Russell,williams,13,15,15,+1 Lap,0.0,57
2021,16,Turkish Grand Prix,istanbul,2021-10-10,alonso,Fernando Alonso,alpine,5,16,16,+1 Lap,0.0,57
2021,16,Turkish Grand Prix,istanbul,2021-10-10,latifi,Nicholas Latifi,williams,15,17,17,+1 Lap,0.0,57
2021,16,Turkish Grand Prix,istanbul,2021-10-10,vettel,Sebastian Vettel,aston_martin,10,18,18,+1 Lap,0.0,57
2021,16,Turkish Grand Prix,istanbul,2021-10-10,mick_schumacher,Mick Schumacher,haas,14,19,19,+2 Laps,0.0,56
2021,16,Turkish Grand Prix,istanbul,2021-10-10,mazepin,Nikita Mazepin,haas,18,20,20,+2 Laps,0.0,56
2021,17,United States Grand Prix,americas,2021-10-24,max_verstappen,Max Verstappen,red_bull,1,1,1,Finished,25.0,56
2021,17,United States Grand Prix,americas,2021-10-24,hamilton,Lewis Hamilton,mercedes,2,2,2,Finished,19.0,56
2021,17,United States Grand Prix,americas,2021-10-24,perez,Sergio Pérez,red_bull,3,3,3,Finished,15.0,56
2021,17,United States Grand Prix,americas,2021-10-24,leclerc,Charles Leclerc,ferrari,4,4,4,Finished,12.0,56
2021,17,United States Grand Prix,americas,2021-10-24,ricciardo,Daniel Ricciardo,mclaren,6,5,5,Finished,10.0,56
2021,17,United States Grand Prix,americas,2021-10-24,bottas,Valtteri Bottas,mercedes,9,6,6,Finished,8.0,56
2021,17,United States Grand Prix,americas,2021-10-24,sainz,Carlos Sainz,ferrari,5,7,7,Finished,6.0,56
2021,17,United States Grand Prix,americas,2021-10-24,norris,Lando Norris,mclaren,7,8,8,Finished,4.0,56
2021,17,United States Grand Prix,americas,2021-10-24,tsunoda,Yuki Tsunoda,alphatauri,10,9,9,+1 Lap,2.0,55
2021,17,United States Grand Prix,americas,2021-10-24,vettel,Sebastian Vettel,aston_martin,18,10,10,+1 Lap,1.0,55
2021,17,United States Grand Prix,americas,2021-10-24,giovinazzi,Antonio Giovinazzi,alfa,12,11,11,+1 Lap,0.0,55
2021,17,United States Grand Prix,americas,2021-10-24,stroll,Lance Stroll,aston_martin,13,12,12,+1 Lap,0.0,55
2021,17,United States Grand Prix,americas,2021-10-24,raikkonen,Kimi Räikkönen,alfa,15,13,13,+1 Lap,0.0,55
2021,17,United States Grand Prix,americas,2021-10-24,russell,George Russell,williams,20,14,14,+1 Lap,0.0,55
2021,17,United States Grand Prix,americas,2021-10-24,latifi,Nicholas Latifi,williams,14,15,15,+1 Lap,0.0,55
2021,17,United States Grand Prix,americas,2021-10-24,mick_schumacher,Mick Schumacher,haas,16,16,16,+2 Laps,0.0,54
2021,17,United States Grand Prix,americas,2021-10-24,mazepin,Nikita Mazepin,haas,17,17,17,+2 Laps,0.0,54
2021,17,United States Grand Prix,americas,2021-10-24,alonso,Fernando Alonso,alpine,19,18,R,Rear wing,0.0,49
2021,17,United States Grand Prix,americas,2021-10-24,ocon,Esteban Ocon,alpine,11,19,R,Mechanical,0.0,40
2021,17,United States Grand Prix,americas,2021-10-24,gasly,Pierre Gasly,alphatauri,8,20,R,Suspension,0.0,14
2021,18,Mexico City Grand Prix,rodriguez,2021-11-07,max_verstappen,Max Verstappen,red_bull,3,1,1,Finished,25.0,71
2021,18,Mexico City Grand Prix,rodriguez,2021-11-07,hamilton,Lewis Hamilton,mercedes,2,2,2,Finished,18.0,71
2021,18,Mexico City Grand Prix,rodriguez,2021-11-07,perez,Sergio Pérez,red_bull,4,3,3,Finished,15.0,71
2021,18,Mexico City Grand Prix,rodriguez,2021-11-07,gasly,Pierre Gasly,alphatauri,5,4,4,Finished,12.0,71
2021,18,Mexico City Grand Prix,rodriguez,2021-11-07,leclerc,Charles Leclerc,ferrari,8,5,5,Finished,10.0,71
2021,18,Mexico City Grand Prix,rodriguez,2021-11-07,sainz,Carlos Sainz,ferrari,6,6,6,+1 Lap,8.0,70
2021,18,Mexico City Grand Prix,rodriguez,2021-11-07,vettel,Sebastian Vettel,aston_martin,9,7,7,+1 Lap,6.0,70
2021,18,Mexico City Grand Prix,rodriguez,2021-11-07,raikkonen,Kimi Räikkönen,alfa,10,8,8,+1 Lap,4.0,70
2021,18,Mexico City Grand Prix,rodriguez,2021-11-07,alonso,Fernando Alonso,alpine,12,9,9,+1 Lap,2.0,70
2021,18,Mexico City Grand Prix,rodriguez,2021-11-07,norris,Lando Norris,mclaren,18,10,10,+1 Lap,1.0,70
2021,18,Mexico City Grand Prix,rodriguez,2021-11-07,giovinazzi,Antonio Giovinazzi,alfa,11,11,11,+1 Lap,0.0,70
2021,18,Mexico City Grand Prix,rodriguez,2021-11-07,ricciardo,Daniel Ricciardo,mclaren,7,12,12,+1 Lap,0.0,70
2021,18,Mexico City Grand Prix,rodriguez,2021-11-07,ocon,Esteban Ocon,alpine,19,13,13,+1 Lap,0.0,70
2021,18,Mexico City Grand Prix,rodriguez,2021-11-07,stroll,Lance Stroll,aston_martin,20,14,14,+2 Laps,0.0,69
2021,18,Mexico City Grand Prix,rodriguez,2021-11-07,bottas,Valtteri Bottas,mercedes,1,15,15,+2 Laps,0.0,69
2021,18,Mexico City Grand Prix,rodriguez,2021-11-07,russell,George Russell,williams,16,16,16,+2 Laps,0.0,69
2021,18,Mexico City Grand Prix,rodriguez,2021-11-07,latifi,Nicholas Latifi,williams,13,17,17,+2 Laps,0.0,69
2021,18,Mexico City Grand Prix,rodriguez,2021-11-07,mazepin,Nikita Mazepin,haas,15,18,18,+3 Laps,0.0,68
2021,18,Mexico City Grand Prix,rodriguez,2021-11-07,mick_schumacher,Mick Schumacher,haas,14,19,R,Collision,0.0,0
2021,18,Mexico City Grand Prix,rodriguez,2021-11-07,tsunoda,Yuki Tsunoda,alphatauri,17,20,R,Collision,0.0,0
2021,19,São Paulo Grand Prix,interlagos,2021-11-14,hamilton,Lewis Hamilton,mercedes,10,1,1,Finished,25.0,71
2021,19,São Paulo Grand Prix,interlagos,2021-11-14,max_verstappen,Max Verstappen,red_bull,2,2,2,Finished,18.0,71
2021,19,São Paulo Grand Prix,interlagos,2021-11-14,bottas,Valtteri Bottas,mercedes,1,3,3,Finished,15.0,71
2021,19,São Paulo Grand Prix,interlagos,2021-11-14,perez,Sergio Pérez,red_bull,4,4,4,Finished,13.0,71
2021,19,São Paulo Grand Prix,interlagos,2021-11-14,leclerc,Charles Leclerc,ferrari,6,5,5,Finished,10.0,71
2021,19,São Paulo Grand Prix,interlagos,2021-11-14,sainz,Carlos Sainz,ferrari,3,6,6,Finished,8.0,71
2021,19,São Paulo Grand Prix,interlagos,2021-11-14,gasly,Pierre Gasly,alphatauri,7,7,7,+1 Lap,6.0,70
2021,19,São Paulo Grand Prix,interlagos,2021-11-14,ocon,Esteban Ocon,alpine,8,8,8,+1 Lap,4.0,70
2021,19,São Paulo Grand Prix,interlagos,2021-11-14,alonso,Fernando Alonso,alpine,12,9,9,+1 Lap,2.0,70
2021,19,São Paulo Grand Prix,interlagos,2021-11-14,norris,Lando Norris,mclaren,5,10,10,+1 Lap,1.0,70
2021,19,São Paulo Grand Prix,interlagos,2021-11-14,vettel,Sebastian Vettel,aston_martin,9,11,11,+1 Lap,0.0,70
2021,19,São Paulo Grand Prix,interlagos,2021-11-14,raikkonen,Kimi Räikkönen,alfa,0,12,12,+1 Lap,0.0,70
2021,19,São Paulo Grand Prix,interlagos,2021-11-14,russell,George Russell,williams,17,13,13,+1 Lap,0.0,70
2021,19,São Paulo Grand Prix,interlagos,2021-11-14,giovinazzi,Antonio Giovinazzi,alfa,13,14,14,+1 Lap,0.0,70
2021,19,São Paulo Grand Prix,interlagos,2021-11-14,tsunoda,Yuki Tsunoda,alphatauri,15,15,15,+1 Lap,0.0,70
2021,19,São Paulo Grand Prix,interlagos,2021-11-14,latifi,Nicholas Latifi,williams,16,16,16,+1 Lap,0.0,70
2021,19,São Paulo Grand Prix,interlagos,2021-11-14,mazepin,Nikita Mazepin,haas,19,17,17,+2 Laps,0.0,69
2021,19,São Paulo Grand Prix,interlagos,2021-11-14,mick_schumacher,Mick Schumacher,haas,18,18,18,+2 Laps,0.0,69
2021,19,São Paulo Grand Prix,interlagos,2021-11-14,ricciardo,Daniel Ricciardo,mclaren,11,19,R,Power loss,0.0,49
2021,19,São Paulo Grand Prix,interlagos,2021-11-14,stroll,Lance Stroll,aston_martin,14,20,R,Collision damage,0.0,47
2021,20,Qatar Grand Prix,losail,2021-11-21,hamilton,Lewis Hamilton,mercedes,1,1,1,Finished,25.0,57
2021,20,Qatar Grand Prix,losail,2021-11-21,max_verstappen,Max Verstappen,red_bull,7,2,2,Finished,19.0,57
2021,20,Qatar Grand Prix,losail,2021-11-21,alonso,Fernando Alonso,alpine,3,3,3,Finished,15.0,57
2021,20,Qatar Grand Prix,losail,2021-11-21,perez,Sergio Pérez,red_bull,11,4,4,Finished,12.0,57
2021,20,Qatar Grand Prix,losail,2021-11-21,ocon,Esteban Ocon,alpine,9,5,5,Finished,10.0,57
2021,20,Qatar Grand Prix,losail,2021-11-21,stroll,Lance Stroll,aston_martin,12,6,6,Finished,8.0,57
2021,20,Qatar Grand Prix,losail,2021-11-21,sainz,Carlos Sainz,ferrari,5,7,7,Finished,6.0,57
2021,20,Qatar Grand Prix,losail,2021-11-21,leclerc,Charles Leclerc,ferrari,13,8,8,Finished,4.0,57
2021,20,Qatar Grand Prix,losail,2021-11-21,norris,Lando Norris,mclaren,4,9,9,+1 Lap,2.0,56
2021,20,Qatar Grand Prix,losail,2021-11-21,vettel,Sebastian Vettel,aston_martin,10,10,10,+1 Lap,1.0,56
2021,20,Qatar Grand Prix,losail,2021-11-21,gasly,Pierre Gasly,alphatauri,2,11,11,+1 Lap,0.0,56
2021,20,Qatar Grand Prix,losail,2021-11-21,ricciardo,Daniel Ricciardo,mclaren,14,12,12,+1 Lap,0.0,56
2021,20,Qatar Grand Prix,losail,2021-11-21,tsunoda,Yuki Tsunoda,alphatauri,8,13,13,+1 Lap,0.0,56
2021,20,Qatar Grand Prix,losail,2021-11-21,raikkonen,Kimi Räikkönen,alfa,16,14,14,+1 Lap,0.0,56
2021,20,Qatar Grand Prix,losail,2021-11-21,giovinazzi,Antonio Giovinazzi,alfa,18,15,15,+1 Lap,0.0,56
2021,20,Qatar Grand Prix,losail,2021-11-21,mick_schumacher,Mick Schumacher,haas,19,16,16,+1 Lap,0.0,56
2021,20,Qatar Grand Prix,losail,2021-11-21,russell,George Russell,williams,15,17,17,+2 Laps,0.0,55
2021,20,Qatar Grand Prix,losail,2021-11-21,mazepin,Nikita Mazepin,haas,20,18,18,+2 Laps,0.0,55
2021,20,Qatar Grand Prix,losail,2021-11-21,latifi,Nicholas Latifi,williams,17,19,R,Puncture,0.0,50
2021,20,Qatar Grand Prix,losail,2021-11-21,bottas,Valtteri Bottas,mercedes,6,20,R,Damage,0.0,48
2021,21,Saudi Arabian Grand Prix,jeddah,2021-12-05,hamilton,Lewis Hamilton,mercedes,1,1,1,Finished,26.0,50
2021,21,Saudi Arabian Grand Prix,jeddah,2021-12-05,max_verstappen,Max Verstappen,red_bull,3,2,2,Finished,18.0,50
2021,21,Saudi Arabian Grand Prix,jeddah,2021-12-05,bottas,Valtteri Bottas,mercedes,2,3,3,Finished,15.0,50
2021,21,Saudi Arabian Grand Prix,jeddah,2021-12-05,ocon,Esteban Ocon,alpine,9,4,4,Finished,12.0,50
2021,21,Saudi Arabian Grand Prix,jeddah,2021-12-05,ricciardo,Daniel Ricciardo,mclaren,11,5,5,Finished,10.0,50
2021,21,Saudi Arabian Grand Prix,jeddah,2021-12-05,gasly,Pierre Gasly,alphatauri,6,6,6,Finished,8.0,50
2021,21,Saudi Arabian Grand Prix,jeddah,2021-12-05,leclerc,Charles Leclerc,ferrari,4,7,7,Finished,6.0,50
2021,21,Saudi Arabian Grand Prix,jeddah,2021-12-05,sainz,Carlos Sainz,ferrari,15,8,8,Finished,4.0,50
2021,21,Saudi Arabian Grand Prix,jeddah,2021-12-05,giovinazzi,Antonio Giovinazzi,alfa,10,9,9,Finished,2.0,50
2021,21,Saudi Arabian Grand Prix,jeddah,2021-12-05,norris,Lando Norris,mclaren,7,10,10,Finished,1.0,50
2021,21,Saudi Arabian Grand Prix,jeddah,2021-12-05,stroll,Lance Stroll,aston_martin,18,11,11,Finished,0.0,50
2021,21,Saudi Arabian Grand Prix,jeddah,2021-12-05,latifi,Nicholas Latifi,williams,16,12,12,Finished,0.0,50
2021,21,Saudi Arabian Grand Prix,jeddah,2021-12-05,alonso,Fernando Alonso,alpine,13,13,13,+1 Lap,0.0,49
2021,21,Saudi Arabian Grand Prix,jeddah,2021-12-05,tsunoda,Yuki Tsunoda,alphatauri,8,14,14,+1 Lap,0.0,49
2021,21,Saudi Arabian Grand Prix,jeddah,2021-12-05,raikkonen,Kimi Räikkönen,alfa,12,15,15,+1 Lap,0.0,49
2021,21,Saudi Arabian Grand Prix,jeddah,2021-12-05,vettel,Sebastian Vettel,aston_martin,17,16,R,Collision damage,0.0,44
2021,21,Saudi Arabian Grand Prix,jeddah,2021-12-05,perez,Sergio Pérez,red_bull,5,17,R,Collision,0.0,14
2021,21,Saudi Arabian Grand Prix,jeddah,2021-12-05,mazepin,Nikita Mazepin,haas,20,18,R,Collision,0.0,14
2021,21,Saudi Arabian Grand Prix,jeddah,2021-12-05,russell,George Russell,williams,14,19,R,Collision,0.0,14
2021,21,Saudi Arabian Grand Prix,jeddah,2021-12-05,mick_schumacher,Mick Schumacher,haas,19,20,R,Accident,0.0,8
2021,22,Abu Dhabi Grand Prix,yas_marina,2021-12-12,max_verstappen,Max Verstappen,red_bull,1,1,1,Finished,26.0,58
2021,22,Abu Dhabi Grand Prix,yas_marina,2021-12-12,hamilton,Lewis Hamilton,mercedes,2,2,2,Finished,18.0,58
2021,22,Abu Dhabi Grand Prix,yas_marina,2021-12-12,sainz,Carlos Sainz,ferrari,5,3,3,Finished,15.0,58
2021,22,Abu Dhabi Grand Prix,yas_marina,2021-12-12,tsunoda,Yuki Tsunoda,alphatauri,8,4,4,Finished,12.0,58
2021,22,Abu Dhabi Grand Prix,yas_marina,2021-12-12,gasly,Pierre Gasly,alphatauri,12,5,5,Finished,10.0,58
2021,22,Abu Dhabi Grand Prix,yas_marina,2021-12-12,bottas,Valtteri Bottas,mercedes,6,6,6,Finished,8.0,58
2021,22,Abu Dhabi Grand Prix,yas_marina,2021-12-12,norris,Lando Norris,mclaren,3,7,7,Finished,6.0,58
2021,22,Abu Dhabi Grand Prix,yas_marina,2021-12-12,alonso,Fernando Alonso,alpine,11,8,8,Finished,4.0,58
2021,22,Abu Dhabi Grand Prix,yas_marina,2021-12-12,ocon,Esteban Ocon,alpine,9,9,9,Finished,2.0,58
2021,22,Abu Dhabi Grand Prix,yas_marina,2021-12-12,leclerc,Charles Leclerc,ferrari,7,10,10,Finished,1.0,58
2021,22,Abu Dhabi Grand Prix,yas_marina,2021-12-12,vettel,Sebastian Vettel,aston_martin,15,11,11,Finished,0.0,58
2021,22,Abu Dhabi Grand Prix,yas_marina,2021-12-12,ricciardo,Daniel Ricciardo,mclaren,10,12,12,+1 Lap,0.0,57
2021,22,Abu Dhabi Grand Prix,yas_marina,2021-12-12,stroll,Lance Stroll,aston_martin,13,13,13,+1 Lap,0.0,57
2021,22,Abu Dhabi Grand Prix,yas_marina,2021-12-12,mick_schumacher,Mick Schumacher,haas,19,14,14,+1 Lap,0.0,57
2021,22,Abu Dhabi Grand Prix,yas_marina,2021-12-12,perez,Sergio Pérez,red_bull,4,15,15,Engine,0.0,55
2021,22,Abu Dhabi Grand Prix,yas_marina,2021-12-12,latifi,Nicholas Latifi,williams,16,16,R,Accident,0.0,50
2021,22,Abu Dhabi Grand Prix,yas_marina,2021-12-12,giovinazzi,Antonio Giovinazzi,alfa,14,17,R,Gearbox,0.0,33
2021,22,Abu Dhabi Grand Prix,yas_marina,2021-12-12,russell,George Russell,williams,17,18,R,Gearbox,0.0,26
2021,22,Abu Dhabi Grand Prix,yas_marina,2021-12-12,raikkonen,Kimi Räikkönen,alfa,18,19,R,Brakes,0.0,25
2021,22,Abu Dhabi Grand Prix,yas_marina,2021-12-12,mazepin,Nikita Mazepin,haas,20,20,W,Illness,0.0,0
